-- MySQL dump 10.13  Distrib 8.0.31, for macos12 (x86_64)
--
-- Host: localhost    Database: ebay
-- ------------------------------------------------------
-- Server version	8.0.31

/*!40101 SET @OLD_CHARACTER_SET_CLIENT=@@CHARACTER_SET_CLIENT */;
/*!40101 SET @OLD_CHARACTER_SET_RESULTS=@@CHARACTER_SET_RESULTS */;
/*!40101 SET @OLD_COLLATION_CONNECTION=@@COLLATION_CONNECTION */;
/*!50503 SET NAMES utf8 */;
/*!40103 SET @OLD_TIME_ZONE=@@TIME_ZONE */;
/*!40103 SET TIME_ZONE='+00:00' */;
/*!40014 SET @OLD_UNIQUE_CHECKS=@@UNIQUE_CHECKS, UNIQUE_CHECKS=0 */;
/*!40014 SET @OLD_FOREIGN_KEY_CHECKS=@@FOREIGN_KEY_CHECKS, FOREIGN_KEY_CHECKS=0 */;
/*!40101 SET @OLD_SQL_MODE=@@SQL_MODE, SQL_MODE='NO_AUTO_VALUE_ON_ZERO' */;
/*!40111 SET @OLD_SQL_NOTES=@@SQL_NOTES, SQL_NOTES=0 */;

--
-- Table structure for table `brands`
--

DROP TABLE IF EXISTS `brands`;
/*!40101 SET @saved_cs_client     = @@character_set_client */;
/*!50503 SET character_set_client = utf8mb4 */;
CREATE TABLE `brands` (
  `id` int NOT NULL,
  `image` longtext,
  `index` int DEFAULT NULL,
  `name` varchar(128) DEFAULT NULL,
  `serial` varchar(256) DEFAULT NULL,
  `description` longtext,
  `section` char(1) DEFAULT NULL,
  PRIMARY KEY (`id`)
) ENGINE=InnoDB DEFAULT CHARSET=utf8mb4 COLLATE=utf8mb4_0900_ai_ci;
/*!40101 SET character_set_client = @saved_cs_client */;

--
-- Dumping data for table `brands`
--

LOCK TABLES `brands` WRITE;
/*!40000 ALTER TABLE `brands` DISABLE KEYS */;
INSERT INTO `brands` VALUES (281,'https://picsum.photos/id/20/300/300',4,'MONDICIL','d6e6ab63-c5a5-498d-b422-8ac6d71184aa','Ipsum pariatur dolore dolor adipisicing commodo magna nostrud elit ipsum magna.','Z'),(334,'https://picsum.photos/id/24/300/300',5,'TALAE','2f2baa16-d142-46f4-bb10-a835fe18b52c','Ut ipsum dolor duis pariatur.','Z'),(436,'https://picsum.photos/id/26/300/300',6,'BUZZNESS','a53f946c-35c7-45f2-9fed-ccecde0c8d46','Occaecat aliquip eu irure officia velit sit.','X'),(522,'https://picsum.photos/id/39/300/300',9,'IZZBY','fab03039-8df2-4e27-a044-122bf6f863ac','Amet sint minim voluptate cillum adipisicing laboris pariatur nostrud.','L'),(603,'https://picsum.photos/id/48/300/300',2,'QABOOS','3b9deeb1-e635-4693-9bfa-83127d9d3d37','Irure qui Lorem qui reprehenderit adipisicing consectetur commodo mollit fugiat deserunt laborum sunt laboris ex.','G'),(879,'https://picsum.photos/id/58/300/300',7,'UNCORP','7a255ace-ba80-4023-8d56-bb5c05a13fc6','Ullamco reprehenderit minim quis irure.','M'),(896,'https://picsum.photos/id/71/300/300',8,'INTRAWEAR','5655bb35-a6f6-4117-a9db-4031e3b00b6d','Incididunt cillum ea dolor occaecat adipisicing ea ad id excepteur amet.','M'),(911,'https://picsum.photos/id/76/300/300',3,'VELOS','1c0ca6ca-cda1-4741-a0f3-4c71fb4f4074','Deserunt esse reprehenderit fugiat est quis nisi culpa.','X'),(976,'https://picsum.photos/id/119/300/300',1,'XPLOR','27f75290-a58d-4c97-86e8-275fa57c3565','Aliqua in id ullamco incididunt laborum veniam elit consequat incididunt exercitation elit excepteur duis.','G'),(982,'https://picsum.photos/id/160/300/300',0,'AVENETRO','0e61430f-9112-4618-b4cf-4afc3fd844de','Velit nulla officia enim minim.','L');
/*!40000 ALTER TABLE `brands` ENABLE KEYS */;
UNLOCK TABLES;

--
-- Table structure for table `categories`
--

DROP TABLE IF EXISTS `categories`;
/*!40101 SET @saved_cs_client     = @@character_set_client */;
/*!50503 SET character_set_client = utf8mb4 */;
CREATE TABLE `categories` (
  `id` int NOT NULL,
  `image` longtext,
  `index` int DEFAULT NULL,
  `name` varchar(128) DEFAULT NULL,
  `rank` int DEFAULT NULL,
  `serial` varchar(256) DEFAULT NULL,
  `description` longtext,
  `brandId` int DEFAULT NULL,
  PRIMARY KEY (`id`)
) ENGINE=InnoDB DEFAULT CHARSET=utf8mb4 COLLATE=utf8mb4_0900_ai_ci;
/*!40101 SET character_set_client = @saved_cs_client */;

--
-- Dumping data for table `categories`
--

LOCK TABLES `categories` WRITE;
/*!40000 ALTER TABLE `categories` DISABLE KEYS */;
INSERT INTO `categories` VALUES (1790,'https://picsum.photos/id/11/300/300',0,'Exovent enim',49,'90d3c296-f23c-4f17-8d80-e8c88ecf3003','Ex aute pariatur pariatur velit irure et aliquip labore.',522),(3009,'https://picsum.photos/id/20/300/300',9,'Terrasys occaecat',34,'c2619f4b-6405-43f9-80f5-ca0a7e2ba54c','Sint nisi esse labore consequat duis tempor enim ex aute veniam qui.',911),(3937,'https://picsum.photos/id/18/300/300',7,'Columella nisi',15,'ea28cca5-e1c9-48fa-bf02-66b8aecc80d2','Exercitation aliquip culpa eiusmod velit dolore sit elit ex adipisicing laborum aliquip labore.',879),(5532,'https://picsum.photos/id/13/300/300',2,'Opticall anim',44,'da264387-abf9-4bc8-816a-bbf625c137b7','Sint dolore voluptate ut proident magna.',982),(5563,'https://picsum.photos/id/14/300/300',3,'Ezentia non',64,'6ab6b9e1-945e-4b38-8f3a-23633dc82ba9','Nostrud dolore quis pariatur adipisicing do aliqua sint anim nisi quis dolore labore elit veniam.',603),(6616,'https://picsum.photos/id/17/300/300',6,'Kraggle in',10,'480b1316-1279-4966-817d-5b4a886b9975','Ea consectetur ad ea duis.',436),(6681,'https://picsum.photos/id/12/300/300',1,'Slumberia fugiat',67,'363bff07-57cf-4445-9cdc-e6f87005fecd','Voluptate ullamco ad amet ipsum esse aliquip Lorem amet nulla do ullamco nulla culpa.',436),(7818,'https://picsum.photos/id/19/300/300',8,'Zoid minim',82,'c5585313-1322-47e3-9592-db4f3d37566f','Incididunt ea dolore minim ex fugiat id nulla sit eiusmod elit consectetur sint.',879),(8055,'https://picsum.photos/id/16/300/300',5,'Comveyor culpa',30,'df3e3d94-cf5a-4748-9364-307779410718','Nulla cupidatat esse elit cillum consequat commodo est excepteur amet amet ea.',334),(9924,'https://picsum.photos/id/15/300/300',4,'Solgan reprehenderit',53,'9d7879d5-e8a5-4b02-a1a0-a3dc2665a529','Cupidatat magna officia ut commodo Lorem minim amet et in proident excepteur.',436),(10450,'https://picsum.photos/id/61/300/300',50,'Terascape sint',52,'d9321ae8-0eb1-4b80-a5b2-814aec1e5402','Magna exercitation duis officia anim esse consequat magna duis nisi.',879),(10947,'https://picsum.photos/id/58/300/300',47,'Xinware non',63,'e2280ecf-488b-499a-907a-96522313bcd6','Qui et ut non occaecat non fugiat.',436),(11352,'https://picsum.photos/id/63/300/300',52,'Biohab culpa',86,'2558da25-b14f-4f23-bcec-5261f137e091','Et magna non et ea adipisicing cillum dolor voluptate proident.',982),(13772,'https://picsum.photos/id/83/300/300',72,'Xymonk pariatur',76,'bfd3ed09-c9ed-4248-88b4-1f1b08feaad3','Esse commodo amet reprehenderit consectetur.',436),(13821,'https://picsum.photos/id/32/300/300',21,'Optyk eu',83,'cb07b0dd-c666-4459-a847-0edb1f043e5d','Excepteur eiusmod ex nulla officia amet sunt irure nostrud ex sunt.',982),(14944,'https://picsum.photos/id/55/300/300',44,'Imant duis',56,'3d7afa00-ca30-4a46-bc02-bc1203cc58a4','Labore occaecat aute cillum et.',976),(18728,'https://picsum.photos/id/39/300/300',28,'Gleamink eiusmod',14,'7e726add-d855-424f-8680-ab06a738e926','Duis adipisicing nostrud sunt magna nulla nulla.',603),(19946,'https://picsum.photos/id/57/300/300',46,'Ozean proident',81,'3e72d85a-86da-4e74-86bf-b15b543efe45','Non id nulla labore reprehenderit sunt qui consectetur mollit occaecat sunt.',603),(20739,'https://picsum.photos/id/50/300/300',39,'Zenolux id',11,'2248a47e-0ebc-43a0-b9ed-491c60cd7b32','Id velit aliqua pariatur quis id reprehenderit non mollit incididunt quis irure magna.',522),(21285,'https://picsum.photos/id/96/300/300',85,'Plasmos duis',55,'189cfb42-a3b2-4dee-add6-4c17f8149bf6','Voluptate mollit laborum dolore id cupidatat tempor voluptate laborum ut elit velit elit occaecat non.',896),(21324,'https://picsum.photos/id/35/300/300',24,'Ovium proident',30,'81abe1b8-f61f-4130-92bc-7fdab86a7071','Commodo do aliquip aliquip culpa.',281),(22092,'https://picsum.photos/id/103/300/300',92,'Automon Lorem',53,'c6b7d8e0-db2e-4c70-b29e-be53dd16d86e','Enim mollit laborum sit mollit est.',976),(22558,'https://picsum.photos/id/69/300/300',58,'Asimiline nisi',78,'66227af8-4a71-4fa7-b086-42ff5c93f469','Ullamco cupidatat ut non irure officia eu ut non aliquip nostrud do voluptate laborum.',603),(22653,'https://picsum.photos/id/64/300/300',53,'Futurity mollit',84,'448734b3-ba0f-4748-8825-2049b06cd68c','Aliqua ut proident ea enim sit consectetur ea.',976),(22663,'https://picsum.photos/id/74/300/300',63,'Diginetic dolore',72,'6fa1f69a-ddc1-42b8-b7e7-da57b6c58455','Ipsum aliqua culpa ipsum culpa dolore ipsum.',436),(24236,'https://picsum.photos/id/47/300/300',36,'Inear tempor',82,'95f010ba-06d8-4e4f-85dc-c05636b7cc86','Aute exercitation non occaecat nostrud duis laboris consequat ut anim amet exercitation exercitation do.',522),(25356,'https://picsum.photos/id/67/300/300',56,'Zensure minim',47,'992d94bc-9371-424f-a7cb-1fc2ebd0c608','Dolor occaecat culpa nulla quis eiusmod tempor sunt aliqua laboris.',896),(25522,'https://picsum.photos/id/33/300/300',22,'Xerex ullamco',64,'3206f4fe-1bb1-47af-9852-f8ef299da173','Qui cillum sint ullamco dolore in duis ullamco amet in velit officia incididunt.',879),(25530,'https://picsum.photos/id/41/300/300',30,'Visualix fugiat',75,'cee2d643-4de2-4a71-9db6-df3e453a9f84','Do labore cillum occaecat mollit irure adipisicing elit ipsum velit.',982),(25860,'https://picsum.photos/id/71/300/300',60,'Mangelica do',16,'0ca0a431-8f53-4304-be2a-40f26ee06eca','Nisi exercitation cupidatat irure sint veniam magna Lorem officia ipsum anim aute et nostrud.',436),(26382,'https://picsum.photos/id/93/300/300',82,'Viagrand enim',29,'d1b17139-7e8f-483a-9290-58c31ef4f510','Incididunt amet ad velit culpa qui aute non quis nulla minim sit consequat reprehenderit ad.',982),(26659,'https://picsum.photos/id/70/300/300',59,'Quordate et',48,'70008241-c755-46db-b4c3-796e653d0b61','Quis exercitation ad consequat reprehenderit aliquip mollit.',603),(27884,'https://picsum.photos/id/95/300/300',84,'Euron id',62,'c0158eaf-7e13-471f-a753-0940c6647741','Tempor occaecat minim ea nulla non incididunt sint aliqua consectetur enim cillum reprehenderit velit fugiat.',982),(28667,'https://picsum.photos/id/78/300/300',67,'Corecom officia',90,'6b74020a-2b88-499e-b0c3-cec2f7491f0d','Id minim sunt aute aliqua dolore.',879),(29341,'https://picsum.photos/id/52/300/300',41,'Isologia amet',58,'1777bf86-8157-4850-b8b6-978f8e13eb69','Cupidatat do ullamco mollit nisi fugiat non.',522),(29973,'https://picsum.photos/id/84/300/300',73,'Comtrak occaecat',23,'f49d55c2-10a2-4207-b2f9-4fd5bdd6dff0','Aliquip ullamco proident non aliqua veniam esse pariatur.',603),(30481,'https://picsum.photos/id/92/300/300',81,'Recrisys ad',68,'1eb823f9-1389-468e-abb1-50cb1602b2b6','Ullamco in ea irure excepteur velit ex.',879),(32170,'https://picsum.photos/id/81/300/300',70,'Paragonia non',71,'e97f2e42-8e44-49f8-b65e-7aac3456256d','Eu anim dolore nulla mollit incididunt cupidatat Lorem duis ex aute cupidatat nisi.',976),(34017,'https://picsum.photos/id/28/300/300',17,'Franscene sunt',47,'c2cebff1-9c0d-4a99-ad27-25f1bff53558','Ullamco magna cillum laborum dolor exercitation officia do cupidatat.',603),(35933,'https://picsum.photos/id/44/300/300',33,'Plasmox et',38,'2f330ff4-4a3a-4c88-99e6-8a0f14f0f7c1','Ex in ex in velit cupidatat aliqua.',976),(36579,'https://picsum.photos/id/90/300/300',79,'Avenetro magna',64,'d42e5d1d-221c-4d48-a4d0-b296d45160c0','Minim tempor eu reprehenderit enim fugiat et tempor nostrud excepteur ad.',436),(37861,'https://picsum.photos/id/72/300/300',61,'Oceanica deserunt',93,'f355edc3-62c0-43e7-b2f1-6b348421d6f6','Consectetur minim ex esse cillum magna proident fugiat ex ullamco sint enim occaecat sit laborum.',522),(39643,'https://picsum.photos/id/54/300/300',43,'Aeora sit',31,'6afc5d00-8107-4ff7-81d9-6981add2e815','Dolore ad mollit commodo pariatur cupidatat elit id commodo.',911),(39690,'https://picsum.photos/id/101/300/300',90,'Comvex labore',12,'b77b2429-9b05-4fdb-9cc7-7faa8f7e10c4','Laboris dolor excepteur officia quis culpa aliquip est commodo minim officia incididunt officia.',522),(39923,'https://picsum.photos/id/34/300/300',23,'Eyeris aliquip',28,'1ad3c63f-1c11-4897-ae22-340c8bc94ed3','Eu consectetur esse in amet tempor nostrud sit anim ea proident.',896),(43497,'https://picsum.photos/id/108/300/300',97,'Quinex reprehenderit',60,'0e55e03f-8f62-404a-bda6-75a377c9c9f0','Est do dolore consectetur ad nostrud ullamco Lorem labore aliqua labore exercitation reprehenderit.',911),(43657,'https://picsum.photos/id/68/300/300',57,'Avit sunt',43,'622fa209-9bf3-41f4-97c7-9fa1444d53aa','Esse laborum enim laboris incididunt ex minim ipsum voluptate pariatur aliquip mollit.',334),(43883,'https://picsum.photos/id/94/300/300',83,'Kiosk amet',99,'bb7e085d-7eed-47ee-a7e2-9bdc77c8501e','Irure ea voluptate nostrud et aliquip aliquip occaecat sint reprehenderit laboris.',911),(46151,'https://picsum.photos/id/62/300/300',51,'Intergeek aliquip',61,'b261f221-c8ed-47c7-91fd-4e21093934ba','Nostrud cillum deserunt exercitation elit commodo culpa duis do.',896),(46738,'https://picsum.photos/id/49/300/300',38,'Imkan elit',66,'12e27e6a-c9d6-4934-9e26-0411bb0813e4','Sint deserunt id eiusmod minim velit exercitation fugiat proident sint labore nisi minim sint.',334),(47095,'https://picsum.photos/id/106/300/300',95,'Makingway ad',46,'deec1cae-9d66-470f-94de-57db1bed74b5','Sint ea pariatur aliquip sint dolor labore aute pariatur.',879),(47396,'https://picsum.photos/id/107/300/300',96,'Rodeology et',27,'388de323-d789-4450-85cf-9b789fdc80c6','Aute qui sint nisi qui dolor voluptate deserunt consequat eu ea.',603),(49054,'https://picsum.photos/id/65/300/300',54,'Skybold aliqua',14,'afd49277-550c-4b93-8226-6a68fb658be3','Ad eu ad Lorem aute ullamco nisi dolor cupidatat sit.',911),(49369,'https://picsum.photos/id/80/300/300',69,'Maxemia commodo',29,'d4c19b72-d07f-462c-b6eb-d3b3fb1856f0','Commodo consectetur excepteur nisi officia aliquip ullamco commodo sit elit sint minim minim nulla.',281),(49962,'https://picsum.photos/id/73/300/300',62,'Spacewax incididunt',84,'5d57746f-d40c-4e1d-8d8b-bd0687788d97','Laborum minim consectetur aliquip veniam voluptate et officia adipisicing.',879),(52449,'https://picsum.photos/id/60/300/300',49,'Polarium sint',87,'35f77502-da5f-419b-adb4-353b0a299ce8','Consectetur aliquip occaecat est commodo commodo esse minim irure adipisicing commodo cillum est.',976),(54875,'https://picsum.photos/id/86/300/300',75,'Opticom aute',60,'57e095c9-a0a5-4bef-abb4-5ed713167e5e','Proident exercitation incididunt aliqua eu aute cupidatat anim anim.',334),(56134,'https://picsum.photos/id/45/300/300',34,'Orbean dolore',65,'f0fe5540-b74a-4ef6-aaf8-f5708afed8af','Aliqua qui enim excepteur do ad magna sint Lorem pariatur sunt pariatur.',603),(57378,'https://picsum.photos/id/89/300/300',78,'Beadzza amet',50,'412e5d97-7499-4029-8f4a-5a3b92b40e89','Esse exercitation culpa quis in cillum minim ut reprehenderit eiusmod deserunt aute veniam.',879),(57474,'https://picsum.photos/id/85/300/300',74,'Obones aliquip',99,'e9f9b6f7-1e21-4d16-94a8-69af8d67a70f','Nisi cupidatat aute nisi incididunt elit ad commodo reprehenderit tempor sit.',436),(58319,'https://picsum.photos/id/30/300/300',19,'Krag duis',48,'26ccb795-35e3-412e-a0fe-b05e64390b75','Anim culpa pariatur aute sit sint laborum ea id dolor proident excepteur labore ex.',436),(59568,'https://picsum.photos/id/79/300/300',68,'Deviltoe Lorem',51,'18b89336-80df-4a98-a09f-e74e34c50e5b','In officia sit nulla ex ut laboris.',603),(60980,'https://picsum.photos/id/91/300/300',80,'Greeker esse',81,'bc294671-6705-4f05-b00f-343ce5cf75dd','Fugiat elit quis eiusmod anim.',976),(62198,'https://picsum.photos/id/109/300/300',98,'Zidant deserunt',87,'1eef5a79-f5f6-4cfe-9d4a-bf965c218ea1','Consectetur sint voluptate in occaecat ut minim commodo aute.',436),(62386,'https://picsum.photos/id/97/300/300',86,'Anixang anim',91,'01617eb8-f3a4-4035-bdbb-f1c9abee1102','Non occaecat sit elit deserunt aliquip ut consectetur.',976),(63032,'https://picsum.photos/id/43/300/300',32,'Evidends cillum',61,'81db44dd-2670-4922-b889-082d80634b69','Adipisicing ea officia qui enim exercitation nostrud ut proident quis fugiat Lorem est.',896),(64071,'https://picsum.photos/id/82/300/300',71,'Inquala dolor',64,'51eda8f5-0bcc-4b4b-bbd8-3ebd9ee2799a','Cupidatat dolor laborum laborum laborum adipisicing aute elit nostrud proident veniam.',281),(65048,'https://picsum.photos/id/59/300/300',48,'Orboid laboris',92,'9f326eb1-631f-434d-800a-1493996b11f0','Sit laborum ut esse commodo aute esse duis ad reprehenderit deserunt laboris incididunt enim amet.',603),(65937,'https://picsum.photos/id/48/300/300',37,'Multron ex',67,'7abb9a90-d002-4943-a4a0-9355588394ac','Nisi labore tempor culpa commodo.',879),(66635,'https://picsum.photos/id/46/300/300',35,'Zillar voluptate',62,'a670fc63-57bc-46b5-9147-375c4218dfec','Ex elit commodo cillum consequat sit.',879),(67291,'https://picsum.photos/id/102/300/300',91,'Rodemco id',92,'7a40e183-0015-4335-9f6a-0b25444b317b','Esse consequat sint est eu ea excepteur ea ullamco ipsum commodo fugiat.',334),(68589,'https://picsum.photos/id/100/300/300',89,'Otherway fugiat',65,'cb4d7c32-edb6-4790-9fea-6a39f883da93','Aute occaecat Lorem dolor voluptate excepteur nostrud irure reprehenderit.',603),(68712,'https://picsum.photos/id/23/300/300',12,'Bicol excepteur',52,'a4367c27-efb4-4c00-a468-35ce8a0e2ace','Nulla sint duis officia eu esse fugiat voluptate nulla cillum anim commodo.',911),(70199,'https://picsum.photos/id/110/300/300',99,'Acrodance consectetur',27,'53275321-a040-47d4-bcc2-3dcaca0daa3d','Nostrud fugiat proident ad aliqua ad nostrud consectetur ullamco dolore.',603),(71018,'https://picsum.photos/id/29/300/300',18,'Bostonic magna',12,'4ca42a16-8926-4099-9431-f0a147ee8262','Nulla fugiat laborum consequat ea nostrud anim.',281),(72027,'https://picsum.photos/id/38/300/300',27,'Sequitur nulla',87,'28bcfc84-5396-4352-8f0b-021e2c95b1a2','Cillum dolor voluptate duis elit ipsum.',982),(72842,'https://picsum.photos/id/53/300/300',42,'Dentrex sunt',54,'3b861834-7bd5-48b2-a150-93d0860f12d3','Quis culpa ea culpa ex est.',281),(75326,'https://picsum.photos/id/37/300/300',26,'Motovate velit',45,'cb9ab154-8ad6-4083-9031-6572a693dc5a','Ea nulla eiusmod eiusmod ipsum est irure pariatur dolore elit.',879),(75515,'https://picsum.photos/id/26/300/300',15,'Datagen eu',91,'aca6d88e-6c53-4c19-8614-ebbc8c11567b','Sunt pariatur cupidatat enim excepteur nulla sunt aliqua mollit reprehenderit proident consectetur.',879),(77693,'https://picsum.photos/id/104/300/300',93,'Eclipto reprehenderit',65,'1e1db57b-28d5-4393-8881-3e9dd6c82750','Excepteur proident exercitation nulla Lorem ipsum duis elit nostrud nostrud.',281),(78011,'https://picsum.photos/id/22/300/300',11,'Retrotex ea',17,'208bfbae-0fda-4b31-a470-d31cc544996f','Incididunt Lorem ut consequat cillum Lorem ipsum nostrud tempor dolor.',436),(78494,'https://picsum.photos/id/105/300/300',94,'Tropoli ad',31,'a95f16d4-4336-4696-a513-24f41970547f','Laborum culpa tempor excepteur proident ex sunt laboris reprehenderit velit laboris fugiat dolore.',896),(79325,'https://picsum.photos/id/36/300/300',25,'Martgo mollit',53,'100d0a75-bb67-41d2-a11a-c473af681dd9','Do veniam laboris consectetur tempor labore voluptate eu aliquip aliqua.',603),(80916,'https://picsum.photos/id/27/300/300',16,'Paprikut officia',94,'f048287c-a3f9-4fae-9a9d-a9106bf76166','Nostrud in voluptate non ut pariatur tempor excepteur mollit sunt cupidatat ea culpa.',982),(83587,'https://picsum.photos/id/98/300/300',87,'Geekology occaecat',76,'4c1319b2-60ac-4332-8471-cb07de9cb402','Est labore elit minim adipisicing ea esse aute irure anim aliquip officia aute.',982),(84776,'https://picsum.photos/id/87/300/300',76,'Musaphics sunt',44,'fcb1ea11-ab27-46a4-9d32-e133a4b00403','Magna officia nulla nisi laborum duis.',896),(86755,'https://picsum.photos/id/66/300/300',55,'Isosure sint',57,'a7da5c94-5411-4ea5-a9fa-de9da3e17f95','Reprehenderit commodo non reprehenderit officia eu nostrud reprehenderit cupidatat et ad cillum voluptate.',976),(87114,'https://picsum.photos/id/25/300/300',14,'Updat pariatur',61,'8e9944f0-d093-4889-989e-72ae14d05b78','Ullamco ut cillum deserunt fugiat dolor magna sit enim mollit est.',982),(90077,'https://picsum.photos/id/88/300/300',77,'Liquidoc duis',11,'e2392c03-df5c-4a60-9910-2a4d90f002de','Non esse laboris nostrud mollit est amet voluptate eiusmod quis.',896),(90088,'https://picsum.photos/id/99/300/300',88,'Premiant magna',41,'9bd42fbb-36f8-419d-8019-e70995fd6bea','Ea et enim tempor deserunt Lorem nisi consequat reprehenderit velit reprehenderit ut.',982),(90564,'https://picsum.photos/id/75/300/300',64,'Cuizine irure',26,'403c10aa-1a11-4dba-b664-b24ec04993b0','Incididunt adipisicing consequat sit Lorem officia eu minim duis anim labore nostrud consequat aute velit.',281),(91145,'https://picsum.photos/id/56/300/300',45,'Geekol ut',22,'5a7847b4-e1fd-49c4-ab49-c3d9b22e735f','Quis velit elit ea non ut laboris eu mollit.',896),(92713,'https://picsum.photos/id/24/300/300',13,'Dognosis excepteur',50,'48352a7f-3db6-4db3-bfc4-39bf4d7a4b8d','Eu dolor velit adipisicing tempor sunt ut commodo do laborum occaecat do consequat consectetur officia.',911),(94220,'https://picsum.photos/id/31/300/300',20,'Melbacor cupidatat',12,'a7df7083-65ec-4245-80cd-214b4037b707','Fugiat id duis ea officia sit eiusmod tempor.',879),(96040,'https://picsum.photos/id/51/300/300',40,'Primordia do',51,'14062271-d49e-4a10-9011-25ffa1a7bc29','Anim et incididunt deserunt tempor deserunt reprehenderit reprehenderit labore et occaecat magna proident esse aliquip.',436),(96865,'https://picsum.photos/id/76/300/300',65,'Insurity proident',41,'116172a9-5ed8-44bc-97ad-5f452c3520fa','Aute ut consectetur minim anim voluptate Lorem anim ut ea ut nisi voluptate ut.',976),(96929,'https://picsum.photos/id/40/300/300',29,'Kegular exercitation',80,'b974b396-b33e-4f59-a923-33fcb9056c2b','Fugiat incididunt laborum irure nostrud consectetur consectetur magna irure adipisicing.',976),(98366,'https://picsum.photos/id/77/300/300',66,'Pyrami eiusmod',74,'72ff9373-9a18-4f4d-9777-c4b3d4e3f8c6','Nisi ea adipisicing elit officia mollit culpa aliqua culpa ullamco reprehenderit ea duis labore veniam.',879),(99131,'https://picsum.photos/id/42/300/300',31,'Andershun nostrud',65,'62b05dc5-0777-4f01-8503-22d741c47dee','Occaecat consectetur cillum id consequat in nulla adipisicing adipisicing et aliquip amet anim.',522),(99310,'https://picsum.photos/id/21/300/300',10,'Isonus non',93,'e8573bfb-25a7-4a42-8053-3012d6407b5f','Veniam dolor nisi ullamco pariatur Lorem incididunt duis deserunt.',522);
/*!40000 ALTER TABLE `categories` ENABLE KEYS */;
UNLOCK TABLES;

--
-- Table structure for table `families`
--

DROP TABLE IF EXISTS `families`;
/*!40101 SET @saved_cs_client     = @@character_set_client */;
/*!50503 SET character_set_client = utf8mb4 */;
CREATE TABLE `families` (
  `id` int NOT NULL,
  `image` longtext,
  `index` int DEFAULT NULL,
  `name` varchar(128) DEFAULT NULL,
  `serial` varchar(256) DEFAULT NULL,
  `symbol` varchar(2) DEFAULT NULL,
  `description` longtext,
  `categoryId` int DEFAULT NULL,
  PRIMARY KEY (`id`)
) ENGINE=InnoDB DEFAULT CHARSET=utf8mb4 COLLATE=utf8mb4_0900_ai_ci;
/*!40101 SET character_set_client = @saved_cs_client */;

--
-- Dumping data for table `families`
--

LOCK TABLES `families` WRITE;
/*!40000 ALTER TABLE `families` DISABLE KEYS */;
INSERT INTO `families` VALUES (13138,'https://picsum.photos/id/119/300/300',8,'Datacator cillum cillum','c1d42275-3239-4211-b85f-8dccaf0071e8','XR','Cupidatat consequat enim consequat voluptate cupidatat.',35933),(15745,'https://picsum.photos/id/116/300/300',5,'Tubesys adipisicing ipsum','5541c3d4-42ab-4138-b66e-c457c490cf7e','ZS','Id aute est ipsum voluptate laborum elit elit cillum qui duis proident.',64071),(16117,'https://picsum.photos/id/118/300/300',7,'Namegen anim cillum','2ab9e342-c52b-4d75-b9d4-075ab89d684f','ME','Sunt aute laborum cupidatat ex Lorem nulla laborum id.',39923),(17191,'https://picsum.photos/id/112/300/300',1,'Rodeology ex pariatur','8a84c38f-77a5-464d-8732-08247380f209','XH','Magna mollit dolor ad eiusmod veniam ad.',90077),(17383,'https://picsum.photos/id/114/300/300',3,'Squish amet laboris','d2f3deaa-3f16-4898-92c3-ebc813efd547','ZS','Do id deserunt incididunt sit laborum incididunt.',36579),(20786,'https://picsum.photos/id/117/300/300',6,'Digique laborum mollit','97e2922f-3b21-47f0-af88-31388704a6e0','XH','Incididunt adipisicing sit in incididunt fugiat et dolor mollit deserunt Lorem.',62386),(20879,'https://picsum.photos/id/120/300/300',9,'Rockabye tempor mollit','a9886989-f1dc-4085-abf1-2c804316baa1','XR','Voluptate exercitation commodo nulla sit eu officia duis consectetur ex.',71018),(69152,'https://picsum.photos/id/113/300/300',2,'Datagene nulla duis','d1146801-2497-4e5b-8b9a-d7d66924c7c9','SD','Nostrud adipisicing ut eu dolore pariatur aliqua ex nisi ipsum do amet dolor.',79325),(78894,'https://picsum.photos/id/115/300/300',4,'Trasola laboris ipsum','fb19a975-ad0a-4bb8-8b31-750d86c517ad','PO','Sunt ea ipsum quis exercitation proident occaecat officia cupidatat ad incididunt eu occaecat.',21324),(87080,'https://picsum.photos/id/111/300/300',0,'Fuelton ullamco veniam','c36d07c3-9048-41c9-81ca-e85ad68bcce5','ZS','Fugiat occaecat voluptate aliqua dolor nostrud laborum commodo quis dolore ad incididunt.',62386),(101838,'https://picsum.photos/id/149/300/300',38,'Fibrodyne ut commodo','0bc71f07-8e5d-4c2d-9f77-e461e5c7bc60','QL','Consectetur et magna fugiat sint sit aute aliqua fugiat tempor excepteur.',54875),(108691,'https://picsum.photos/id/202/300/300',91,'Ziore mollit reprehenderit','8a3ed8d9-7d43-4688-96d8-cbcf96a08213','XH','Elit sint non reprehenderit ad ex id incididunt nisi in pariatur adipisicing.',80916),(110097,'https://picsum.photos/id/208/300/300',97,'Qaboos et mollit','71b7171a-dcfa-4454-b50e-9a96c15ae387','QL','Sit ea pariatur eiusmod consequat irure duis consectetur.',67291),(123758,'https://picsum.photos/id/169/300/300',58,'Comveyor veniam magna','5f5f49e6-6013-4528-8325-43e66501cdee','XH','Pariatur aliquip velit anim amet.',13772),(186398,'https://picsum.photos/id/209/300/300',98,'Bluplanet est culpa','51e0845e-d885-467f-a56d-b30578ba7a16','QL','Quis esse do exercitation ea do officia enim sit ullamco enim veniam ex eu.',22558),(189746,'https://picsum.photos/id/157/300/300',46,'Extragen elit esse','75468806-e6d6-4b42-b779-56f1aeb401c2','PO','Minim minim qui excepteur amet.',6616),(200457,'https://picsum.photos/id/168/300/300',57,'Entroflex tempor nulla','2e0a238d-5ae1-437a-92fe-309ebb32307c','XH','Elit cillum consectetur labore fugiat enim cupidatat duis irure incididunt ea.',94220),(205022,'https://picsum.photos/id/133/300/300',22,'Strozen in reprehenderit','12ad164e-3b6f-4714-b661-5d3919a37d2b','XH','Reprehenderit culpa nulla laborum labore et commodo laboris tempor.',63032),(230052,'https://picsum.photos/id/163/300/300',52,'Techade cupidatat incididunt','9e40b526-93f7-4b3f-9970-ec353f902782','LD','Laborum quis excepteur commodo mollit minim.',5532),(235715,'https://picsum.photos/id/126/300/300',15,'Zolar nisi labore','57272822-ff11-46a0-8dfa-e4a60d512cdb','LD','Veniam esse esse do magna ut nulla occaecat aute id occaecat mollit.',46151),(243212,'https://picsum.photos/id/123/300/300',12,'Earbang minim occaecat','14f2235a-7c97-412b-b482-457bdf78085f','ZS','Aliquip incididunt consectetur aliquip do est magna exercitation velit in est amet nulla.',25530),(246887,'https://picsum.photos/id/198/300/300',87,'Musix eu cillum','721ea5dd-2ef6-4803-bc0c-752affc7d184','LD','Exercitation magna nisi veniam occaecat nostrud do amet reprehenderit aute aute pariatur.',21324),(263240,'https://picsum.photos/id/151/300/300',40,'Verton culpa aliquip','3c4d9424-02b8-4792-9ebf-0d7a937963bb','ME','Sint magna nulla qui ut pariatur nostrud laborum duis duis.',43883),(270859,'https://picsum.photos/id/170/300/300',59,'Neocent quis deserunt','37ab8a4d-490a-42b9-a1f8-5aa4cb963715','LD','Officia ea commodo nulla tempor pariatur dolor amet consectetur.',80916),(286324,'https://picsum.photos/id/135/300/300',24,'Undertap dolor in','371b8c49-b028-4c9b-9b5d-57eb6e552a67','XR','Exercitation voluptate aliquip officia nulla proident labore laboris aute.',70199),(299775,'https://picsum.photos/id/186/300/300',75,'Evidends labore aliqua','39280b25-455c-41a0-8c42-3b35bf2d6e6f','LD','Reprehenderit reprehenderit irure excepteur esse exercitation ad elit et fugiat ullamco aliquip.',66635),(310217,'https://picsum.photos/id/128/300/300',17,'Emergent pariatur veniam','ba2668b4-cb36-4de4-ad19-1605506daa4b','ME','Dolore esse reprehenderit Lorem irure nostrud veniam.',90564),(316994,'https://picsum.photos/id/205/300/300',94,'Ovation ut veniam','b6db0f11-9327-494e-8b7e-e7a20ded3c84','ME','Sint laboris cillum esse sunt est culpa laborum consectetur incididunt duis id excepteur.',90088),(323016,'https://picsum.photos/id/127/300/300',16,'Exposa eiusmod in','1713d96b-c331-47f7-9110-47d8ebcf13ed','XH','Occaecat quis eu duis esse ut laboris id dolore eiusmod sint.',7818),(327023,'https://picsum.photos/id/134/300/300',23,'Zuvy velit enim','d97d37c5-0e5b-4dc5-b298-78c7651052f3','ZS','Labore nulla proident occaecat ex commodo aliqua sunt non voluptate in ex velit in labore.',39923),(327869,'https://picsum.photos/id/180/300/300',69,'Housedown enim tempor','908507d1-49d7-4a66-a98c-61951802d49e','LD','Ea esse quis incididunt ut Lorem exercitation.',22092),(330433,'https://picsum.photos/id/144/300/300',33,'Frolix anim eiusmod','f3547a4d-5949-4c29-b4af-70a765bd502c','GF','Dolore do aliquip laboris voluptate non ullamco.',19946),(332968,'https://picsum.photos/id/179/300/300',68,'Calcu aliquip cillum','151e92ac-4d39-4362-a99a-d89c285ce5be','RR','Ea id velit consectetur dolore veniam duis ipsum cillum in.',98366),(359043,'https://picsum.photos/id/154/300/300',43,'Equitax velit aute','ce97328d-ac59-438c-8763-861cc335166c','XR','Magna amet esse ullamco pariatur voluptate.',59568),(359790,'https://picsum.photos/id/201/300/300',90,'Magnina non occaecat','aa0f3a79-d117-4329-b644-0ca7d9c497aa','ZS','Et exercitation Lorem aliquip veniam pariatur nisi cillum fugiat adipisicing et ea id quis.',24236),(370754,'https://picsum.photos/id/165/300/300',54,'Zaj consectetur consequat','12240b20-39bc-41bd-8355-a9c2d5eb5f0e','PO','Incididunt consectetur dolor dolore minim consequat Lorem reprehenderit sit ipsum irure velit sit ullamco.',37861),(373534,'https://picsum.photos/id/145/300/300',34,'Pyramis fugiat ex','6a83c10e-d2e6-4ff7-8bfa-a9606d0d3910','XH','Eu esse mollit pariatur quis pariatur.',75326),(380895,'https://picsum.photos/id/206/300/300',95,'Ceprene ullamco labore','e4a501ec-ad45-4672-9fc4-a7c0115e01cc','QL','Velit sunt adipisicing consectetur voluptate occaecat cupidatat minim duis ipsum cillum labore ullamco officia.',6681),(389281,'https://picsum.photos/id/192/300/300',81,'Bytrex ex aute','31189d56-d321-4ab9-88d3-e49e8c0b4800','GF','Quis quis et nulla deserunt officia irure voluptate Lorem.',59568),(394261,'https://picsum.photos/id/172/300/300',61,'Comtours adipisicing ut','269096c5-8e60-4d74-b087-6e47fe9f4336','QL','Do dolor ad officia excepteur proident labore est Lorem non laboris fugiat eiusmod.',84776),(394980,'https://picsum.photos/id/191/300/300',80,'Austex eiusmod sunt','711678b7-42fa-4901-94a5-82a21ee0469f','QL','Id aute do amet officia incididunt commodo id.',47095),(405767,'https://picsum.photos/id/178/300/300',67,'Snowpoke ut laboris','9189bfc5-619c-4d51-8f3f-c57bfa4888f1','GF','Adipisicing eiusmod reprehenderit esse anim incididunt est anim ullamco cupidatat id in.',8055),(407628,'https://picsum.photos/id/139/300/300',28,'Flotonic magna cupidatat','88620fff-3473-49a8-b860-27216c6ee418','RR','Aute commodo quis et duis enim magna quis proident amet consequat sit magna adipisicing ipsum.',43883),(416936,'https://picsum.photos/id/147/300/300',36,'Schoolio consequat cupidatat','aebd76f0-d431-4b3a-9a03-3721d969a1f2','GF','Enim aliqua pariatur exercitation nisi ex.',7818),(426477,'https://picsum.photos/id/188/300/300',77,'Retrack eiusmod amet','d411f99a-3ed8-4fbc-9b93-98acac97a54b','XH','Incididunt ut aliquip ipsum occaecat irure consectetur nostrud voluptate reprehenderit officia aliqua voluptate.',29973),(427066,'https://picsum.photos/id/177/300/300',66,'Konnect exercitation anim','9edaeeb9-8f5b-46a2-bae8-091f5991c299','GF','Deserunt eiusmod reprehenderit id amet reprehenderit.',1790),(438363,'https://picsum.photos/id/174/300/300',63,'Kog exercitation consectetur','3a6f29f7-ecbe-4ab7-9f6c-96b4d128883e','RR','Cupidatat veniam fugiat mollit sit exercitation consectetur eiusmod do ex aliqua irure laborum culpa voluptate.',43497),(459888,'https://picsum.photos/id/199/300/300',88,'Optyk sit dolore','6d14b4f4-f52c-494a-938a-c2fec24b5c16','PO','Ut cillum Lorem esse culpa incididunt eu reprehenderit adipisicing.',5563),(466027,'https://picsum.photos/id/138/300/300',27,'Maximind ex veniam','25fcabe1-15e3-45e3-89e0-3dc3dfe95a18','GF','Pariatur labore excepteur ipsum laborum elit aliquip Lorem.',68712),(467829,'https://picsum.photos/id/140/300/300',29,'Comdom reprehenderit fugiat','0f9bf36d-e122-4507-9e90-c6b5bca8fb0c','XH','Eu nisi magna magna reprehenderit nostrud qui elit non enim labore reprehenderit.',77693),(474641,'https://picsum.photos/id/152/300/300',41,'Pawnagra qui cillum','be731b62-955f-47c5-8f74-df08c53b3dd1','SD','Eu aliquip ullamco cupidatat qui.',22092),(484073,'https://picsum.photos/id/184/300/300',73,'Manglo laborum adipisicing','c889c4fc-6c07-4174-8f63-e1de6f06f06c','PO','Laboris pariatur occaecat cupidatat proident nisi tempor pariatur et ullamco.',10450),(493270,'https://picsum.photos/id/181/300/300',70,'Datagen quis consectetur','d62eb02c-834d-4b8c-9ce7-bb6d36ab5936','MS','Incididunt veniam sunt id cupidatat eiusmod ea ipsum fugiat tempor esse qui sunt sit sint.',39643),(493556,'https://picsum.photos/id/167/300/300',56,'Vurbo dolore duis','38ee7093-7a89-4635-a1ec-8c6ceb407673','GF','Lorem anim eu qui labore nostrud.',87114),(499345,'https://picsum.photos/id/156/300/300',45,'Uxmox in eiusmod','e7e96733-3f7d-42ba-87ff-5a74226fd52b','ZS','Nostrud Lorem excepteur labore adipisicing amet officia deserunt fugiat.',34017),(501393,'https://picsum.photos/id/204/300/300',93,'Prismatic qui et','419cae0d-15d6-4b1d-b8ac-a14bed0e3a41','QL','Fugiat ullamco reprehenderit mollit duis exercitation sint culpa proident fugiat ex.',11352),(512160,'https://picsum.photos/id/171/300/300',60,'Nspire esse proident','2320864a-b9d1-4cc8-81d7-f4658aaeb696','XH','Officia irure deserunt velit do laboris incididunt.',13821),(512983,'https://picsum.photos/id/194/300/300',83,'Orbaxter est qui','7877f684-64c0-4021-8f6c-c889a5f670bc','XR','Dolor sint anim sit culpa aliquip veniam est deserunt anim commodo veniam tempor dolor.',60980),(518672,'https://picsum.photos/id/183/300/300',72,'Futurity consequat dolore','0b6d98d8-452d-4419-90d8-210ab5d37684','RR','Officia quis nulla Lorem dolore excepteur do aliquip ad velit dolore in laborum minim.',8055),(580574,'https://picsum.photos/id/185/300/300',74,'Qot eu culpa','bcbad79f-73c5-4128-9754-eb21eed3c3e6','MS','Minim eu nulla duis deserunt dolore fugiat amet adipisicing ipsum enim.',37861),(587010,'https://picsum.photos/id/121/300/300',10,'Quonk pariatur minim','e70e97f3-d946-4661-a41c-44f40283bb67','ME','Velit laborum nostrud elit enim culpa voluptate esse aute anim.',59568),(587489,'https://picsum.photos/id/200/300/300',89,'Synkgen pariatur culpa','597e67e4-022a-4058-a81e-4c476c96f3c5','SD','Et tempor consectetur culpa esse commodo tempor enim fugiat excepteur duis sint ad excepteur aliqua.',90088),(594514,'https://picsum.photos/id/125/300/300',14,'Kraggle irure laborum','b5785f30-7490-415b-8bef-f9ab8591c407','QL','Officia qui reprehenderit culpa cupidatat laborum.',26382),(596418,'https://picsum.photos/id/129/300/300',18,'Lovepad aliqua magna','1fedc800-8547-48b7-ad90-73b486387e52','LD','Fugiat anim id eu dolore pariatur adipisicing aute duis.',25530),(597125,'https://picsum.photos/id/136/300/300',25,'Xumonk adipisicing sit','84cd5543-15a1-4e4d-88a9-929e799cb677','QL','Nostrud irure dolore ipsum do esse laborum.',29973),(608847,'https://picsum.photos/id/158/300/300',47,'Viagreat voluptate qui','6a3aae37-dab9-42f7-956e-5898d5a9f2d0','MS','Ex in aliquip in adipisicing occaecat ex aute fugiat.',18728),(647231,'https://picsum.photos/id/142/300/300',31,'Skinserve exercitation do','d33dcbb2-7adb-46b3-bc37-2c67dbe5ddc2','ZS','Laborum est culpa esse non proident eiusmod sunt ad non eiusmod.',7818),(668985,'https://picsum.photos/id/196/300/300',85,'Bezal quis veniam','8f5c7dce-b8ba-4584-aa67-6fb051f1ef71','XR','Ex quis sunt dolore esse do eu commodo cillum elit.',43497),(669421,'https://picsum.photos/id/132/300/300',21,'Terrago deserunt duis','df88daf3-cb8d-4c05-b5ab-eddd77e62231','LD','Esse excepteur et labore excepteur fugiat est.',25530),(677013,'https://picsum.photos/id/124/300/300',13,'Zentix tempor anim','50ceb749-e386-4f16-b31a-8ef9c9c190e6','QL','Enim elit qui consequat irure irure elit exercitation dolore deserunt veniam in do.',79325),(698665,'https://picsum.photos/id/176/300/300',65,'Pearlesex irure occaecat','29bf4b4c-d6db-4cec-9849-472b2b092c44','XR','In ullamco eu aliqua dolore voluptate et commodo mollit.',72842),(713053,'https://picsum.photos/id/164/300/300',53,'Netbook amet adipisicing','429de3d7-3bb1-4a07-812d-c4e1d7b32fcb','QL','Enim cupidatat dolore reprehenderit ad.',13772),(717751,'https://picsum.photos/id/162/300/300',51,'Zillacom voluptate fugiat','d42fe5a7-9c38-4af1-b0d6-0d60dca7744d','RR','Non elit eu sint quis officia laborum nulla aliqua irure mollit consectetur.',64071),(722384,'https://picsum.photos/id/195/300/300',84,'Bulljuice sint veniam','08f37f4f-419c-4949-82d2-a85156b6cb15','GF','Officia cupidatat aute proident fugiat adipisicing est sunt proident exercitation reprehenderit Lorem fugiat esse.',96929),(724455,'https://picsum.photos/id/166/300/300',55,'Eclipsent irure aliqua','f3a7c3d6-6bbf-4c11-ad84-4640a9a9cfaa','QL','Excepteur ad elit quis ea culpa exercitation id aliqua dolore elit voluptate.',62386),(731896,'https://picsum.photos/id/207/300/300',96,'Liquicom ut nulla','2137fe6d-fb58-402a-9c36-04349ec57352','ZS','Culpa eiusmod duis reprehenderit excepteur dolor dolore irure minim do qui ea.',10947),(738382,'https://picsum.photos/id/193/300/300',82,'Comtrek nulla laboris','39343a23-69fc-4cf8-992a-6881715e09da','PO','Dolor eiusmod ex culpa consectetur id nisi dolor dolor esse irure.',57378),(762742,'https://picsum.photos/id/153/300/300',42,'Comtent non pariatur','ac7a8558-6f4e-455e-b353-37aeafcc0061','RR','Pariatur et pariatur occaecat amet irure mollit enim ea qui fugiat excepteur.',26659),(771648,'https://picsum.photos/id/159/300/300',48,'Sealoud enim incididunt','2662d365-d6bd-4505-b989-8c57d1ef9bbd','XR','Incididunt eiusmod laborum irure anim sunt fugiat irure commodo.',47396),(785078,'https://picsum.photos/id/189/300/300',78,'Uplinx commodo cupidatat','c75d35d6-f567-462e-b00a-e6f837e201af','XR','Eiusmod non aute aute culpa minim voluptate fugiat et.',32170),(788519,'https://picsum.photos/id/130/300/300',19,'Zosis occaecat aute','8ec35fbf-8224-4cff-90b9-fefea2b26d8b','MS','Incididunt aliquip do voluptate elit pariatur ullamco qui fugiat fugiat.',65048),(796162,'https://picsum.photos/id/173/300/300',62,'Pharmacon ex et','8b122550-d716-4a95-9f67-6608341d18b5','PO','Incididunt consectetur et consectetur veniam do consequat laborum incididunt anim veniam.',7818),(811076,'https://picsum.photos/id/187/300/300',76,'Bisba dolore aute','f45037a3-9d56-4fe8-84f7-82f5ec77e4b7','XR','Officia ullamco velit amet quis dolore fugiat non sint Lorem id.',96040),(819171,'https://picsum.photos/id/182/300/300',71,'Earthpure aliqua aliquip','2a3950b1-eef8-4fe9-871e-baaa0eed6854','MS','Aute amet aute in aute velit ut dolore esse ullamco amet mollit sunt eiusmod dolor.',99310),(820186,'https://picsum.photos/id/197/300/300',86,'Beadzza eiusmod aliquip','b581c1d0-901c-4e39-9b7b-6ebd6726ef21','GF','Pariatur dolor in commodo pariatur ad do aute esse deserunt laboris consectetur amet laborum cillum.',39923),(826344,'https://picsum.photos/id/155/300/300',44,'Exozent et amet','55f43c6a-0fce-4e40-8c10-291d33f89137','LD','Nisi reprehenderit est quis aute Lorem voluptate quis nostrud amet enim tempor fugiat duis consectetur.',78494),(828639,'https://picsum.photos/id/150/300/300',39,'Cubicide ipsum nisi','94947744-8daf-4534-a9d4-ccf40fccde2f','QL','Est commodo pariatur adipisicing sint mollit quis eu ea commodo id irure ullamco anim officia.',83587),(832692,'https://picsum.photos/id/203/300/300',92,'Ginkle consectetur incididunt','841c0d49-921a-4842-bd34-3256f21abedf','XR','Sint ea tempor id laborum ex aliqua quis nulla ipsum ad ullamco irure nulla est.',21324),(836320,'https://picsum.photos/id/131/300/300',20,'Ginkogene irure minim','71344166-a5e5-4cd3-9a19-a0afbc2b105e','PO','Ut mollit laboris culpa eiusmod ipsum.',99131),(870849,'https://picsum.photos/id/160/300/300',49,'Suretech deserunt consectetur','52259466-713d-4853-b36d-843230b4378c','PO','Ea dolore nisi aute voluptate laboris laborum.',9924),(901037,'https://picsum.photos/id/148/300/300',37,'Xoggle tempor velit','76b2ac74-0712-4705-a3e6-84e0a3e1ab8f','LD','Magna adipisicing sit elit nulla culpa in sit ipsum enim.',68712),(901379,'https://picsum.photos/id/190/300/300',79,'Genekom labore excepteur','b3e3cef0-5052-4a5b-ae06-4dff42dfeb39','MS','Tempor esse cupidatat ad sit ipsum adipisicing esse cillum dolor exercitation laborum veniam.',22663),(933730,'https://picsum.photos/id/141/300/300',30,'Coriander est velit','04565f70-abbc-4990-8b03-2fd355eb670d','RR','Nulla eu est ex amet reprehenderit consequat et eu do reprehenderit ullamco sint labore laboris.',35933),(935311,'https://picsum.photos/id/122/300/300',11,'Exovent incididunt voluptate','bb66ceb2-5cb0-4c92-a60d-8a895b79816d','XH','Dolore mollit dolore consequat adipisicing commodo ea dolor aliqua duis esse ipsum.',62386),(946799,'https://picsum.photos/id/210/300/300',99,'Calcula adipisicing tempor','e04b427d-9a2f-4055-87ae-2e4d0b120818','ZS','Aute elit esse minim et sunt ad.',30481),(949526,'https://picsum.photos/id/137/300/300',26,'Cytrek mollit esse','8798ac68-df10-4c98-b3b8-95f128cfc82a','LD','Ut minim officia irure eiusmod nostrud ullamco cillum anim mollit.',68712),(958332,'https://picsum.photos/id/143/300/300',32,'Matrixity quis cillum','b1b39080-0ce9-47b5-b340-61d85d27947b','ME','Deserunt Lorem sit ad reprehenderit est sint pariatur esse culpa ut.',28667),(971364,'https://picsum.photos/id/175/300/300',64,'Zepitope ullamco ullamco','bd724241-8a4c-4519-ab3a-5014e9aef7ec','RR','Qui laborum elit culpa veniam deserunt consequat.',90077),(980950,'https://picsum.photos/id/161/300/300',50,'Sureplex quis incididunt','1a5aa622-bc59-4c09-ab82-0e9be2cc2617','PO','Sunt ex excepteur sunt proident fugiat qui.',25530),(983035,'https://picsum.photos/id/146/300/300',35,'Rockyard veniam aliqua','1e3886aa-e4ad-44a0-a533-cf8e44f0d593','ME','Velit ut adipisicing reprehenderit ea do.',52449),(1028272,'https://picsum.photos/id/383/300/300',272,'Buzzopia qui consectetur','6d25e04f-1dd8-45e5-8b5a-bb3098172a14','QL','Voluptate aliquip reprehenderit duis ipsum occaecat minim aliqua consectetur non tempor.',75515),(1160249,'https://picsum.photos/id/360/300/300',249,'Amtap consectetur elit','fe63f5fd-a6b9-4eec-ac40-cffaf152826e','SD','Quis qui elit nulla velit anim laborum duis est.',79325),(1212106,'https://picsum.photos/id/217/300/300',106,'Comvex aliqua incididunt','5fc8c128-cf46-45e6-9793-9993e6493129','RR','Ut aliquip commodo duis ex culpa pariatur voluptate magna est do aute magna occaecat.',39643),(1266283,'https://picsum.photos/id/394/300/300',283,'Zensor in consectetur','4d0a5420-2423-492d-b423-23a4617270f0','GF','Veniam commodo fugiat id in fugiat quis minim duis anim.',57378),(1300274,'https://picsum.photos/id/385/300/300',274,'Kongle occaecat pariatur','cc18ced4-588c-41af-aca0-7639e0e3dc51','XH','Consectetur et laboris sunt non ipsum consectetur ad ipsum duis cupidatat id veniam.',46151),(1316100,'https://picsum.photos/id/211/300/300',100,'Shopabout et reprehenderit','e715d6fb-677d-4a57-932b-30c93c89ad34','PO','Aliqua consequat veniam laboris anim cupidatat labore exercitation fugiat proident incididunt non laboris.',24236),(1341132,'https://picsum.photos/id/243/300/300',132,'Talkola laborum dolor','24560891-d851-474b-a8da-40e45f86136d','QL','Cupidatat est laboris laborum eiusmod ad amet aliquip veniam minim mollit consectetur qui.',84776),(1349142,'https://picsum.photos/id/253/300/300',142,'Zinca qui duis','1807939e-7327-46fd-998b-1d1f8d9b1cec','QL','Veniam amet occaecat nulla eu in laborum culpa cillum elit aliqua.',96865),(1406215,'https://picsum.photos/id/326/300/300',215,'Navir Lorem reprehenderit','dd13d086-1c19-4821-bcfc-c8e29ec5fee0','MS','Et reprehenderit quis magna pariatur id nostrud velit aliqua magna officia.',57378),(1505230,'https://picsum.photos/id/341/300/300',230,'Isologix enim laboris','4c2671b5-e991-4c7f-a8e8-90dffcf39a65','LD','Irure quis labore eiusmod aute nisi cillum elit nisi ullamco excepteur.',49054),(1685270,'https://picsum.photos/id/381/300/300',270,'Springbee commodo ea','b3085381-9d48-4e85-9be3-1f00c558a9b9','ZS','Tempor officia irure ut nulla.',90088),(1774123,'https://picsum.photos/id/234/300/300',123,'Dogspa ut proident','629673e7-5003-46e6-902d-c52134b85e64','GF','Proident labore tempor laboris culpa voluptate.',60980),(1791158,'https://picsum.photos/id/269/300/300',158,'Isotronic laboris laborum','9da70a58-515b-4886-8369-83a411550e49','MS','Ad nulla quis enim ad anim nulla nisi quis aute non.',57378),(1856126,'https://picsum.photos/id/237/300/300',126,'Xleen aute labore','bb2d37f1-51f3-46b7-8cce-70ff2152c225','GF','Commodo minim qui velit consequat tempor labore aute minim commodo enim fugiat ea nostrud occaecat.',19946),(1880269,'https://picsum.photos/id/380/300/300',269,'Bicol ut ipsum','5686d1c1-0968-450e-b73c-00a429166a10','QL','Pariatur adipisicing nostrud anim consequat velit irure minim duis Lorem reprehenderit.',39643),(1883236,'https://picsum.photos/id/347/300/300',236,'Multiflex laboris velit','e81e2f15-8b3b-4209-ad5f-281ff6ad1b87','QL','Labore ad dolor irure dolor.',21285),(2036137,'https://picsum.photos/id/248/300/300',137,'Thredz et eu','59ba8bce-bcf2-49e7-bb9c-f5c76dad4b7d','QL','Est adipisicing pariatur veniam ut nulla ea esse ut elit laboris et sit est.',7818),(2038271,'https://picsum.photos/id/382/300/300',271,'Hairport pariatur quis','ec378c0b-470e-47d2-90ae-73082aa1971e','MS','Cillum ullamco culpa sunt magna esse magna reprehenderit ad nulla.',13821),(2063297,'https://picsum.photos/id/408/300/300',297,'Gazak laborum in','31ba07fb-6337-4d6a-b0b1-c273a6d7624d','ME','Minim magna mollit est velit occaecat deserunt esse magna.',11352),(2107262,'https://picsum.photos/id/373/300/300',262,'Radiantix consectetur nisi','28128989-4f8e-45e8-80d5-3cc2f3d8bcef','XH','Aute aute exercitation veniam ea reprehenderit magna ullamco cillum amet duis laboris.',25530),(2125128,'https://picsum.photos/id/239/300/300',128,'Digial incididunt dolore','cab35efe-fb27-495d-bde7-adde7af71483','XH','Qui officia sunt aliquip proident ullamco excepteur ad duis.',90564),(2130154,'https://picsum.photos/id/265/300/300',154,'Marvane proident tempor','33baf826-e19b-495c-89c7-73c626f3efa3','XR','Irure eiusmod eu eiusmod duis.',70199),(2310180,'https://picsum.photos/id/291/300/300',180,'Viasia mollit exercitation','4758cf25-fddb-4fb2-b0c3-c55a5e1eaedc','XR','Pariatur proident mollit ut Lorem.',54875),(2374223,'https://picsum.photos/id/334/300/300',223,'Boilcat est tempor','bcf5fa04-50ad-42b2-ad92-846d6c7877b6','RR','Lorem aliqua labore eu laborum voluptate officia ut pariatur.',35933),(2451141,'https://picsum.photos/id/252/300/300',141,'Codact dolore veniam','984f376d-d8db-42aa-ae5d-a49cda1fb9a6','SD','Do velit adipisicing occaecat quis adipisicing.',13821),(2493231,'https://picsum.photos/id/342/300/300',231,'Rooforia tempor id','fb92d911-df34-4c6a-aee4-1bf7ee1fc967','ME','Cupidatat aliquip deserunt excepteur nulla mollit velit laborum.',18728),(2522164,'https://picsum.photos/id/275/300/300',164,'Magmina aliqua ut','f8e742ef-0638-4a51-8213-5cf9999f2f44','GF','Reprehenderit elit veniam veniam minim ullamco et.',10947),(2580252,'https://picsum.photos/id/363/300/300',252,'Extragene ipsum ullamco','6e34fa3a-4c12-44de-874f-acdfe6323bf2','QL','Reprehenderit quis incididunt sunt velit anim ad amet amet enim.',20739),(2605238,'https://picsum.photos/id/349/300/300',238,'Sustenza sint quis','9d871948-4793-4bec-a4bc-f04c248b7979','PO','Dolore veniam enim id magna non proident in fugiat sit veniam ut.',22558),(2680218,'https://picsum.photos/id/329/300/300',218,'Atgen ex Lorem','ec432539-eb32-4c66-8c1c-3d4cdd9a0488','QL','Exercitation nulla et Lorem ad elit.',64071),(2691219,'https://picsum.photos/id/330/300/300',219,'Avit aute ea','702bb0c9-422b-4fe1-b4f7-be6bb61f6cce','ZS','Nulla fugiat nostrud labore dolor consectetur veniam duis qui minim enim minim aliquip magna consequat.',91145),(2718186,'https://picsum.photos/id/297/300/300',186,'Barkarama exercitation aliqua','015ef5f2-ce90-45b8-9d33-69e1167186f9','XH','Commodo veniam et anim anim.',70199),(2739264,'https://picsum.photos/id/375/300/300',264,'Vitricomp labore consectetur','41734c1c-2da8-46a4-9fd5-883b472dcd2d','QL','Adipisicing ad sunt minim do ea culpa nisi qui ullamco.',92713),(2790134,'https://picsum.photos/id/245/300/300',134,'Luxuria sit eu','952add5f-396f-43b5-8fb5-ae25b15c87c8','XH','Magna voluptate nisi aute ex id.',26659),(2833122,'https://picsum.photos/id/233/300/300',122,'Comstar eiusmod veniam','91ae3c84-b5ad-4b40-80ff-a73fd5d7ae1d','GF','Nostrud velit ipsum cillum duis laboris in quis ea occaecat non anim cillum.',43883),(3013285,'https://picsum.photos/id/396/300/300',285,'Coash ad enim','9f4b4b7c-718c-458c-a23a-36eaaf1f5786','QL','Eiusmod exercitation consequat Lorem minim commodo.',63032),(3039138,'https://picsum.photos/id/249/300/300',138,'Krag eu ad','1874c660-af97-4cda-a074-83457a07419f','PO','Anim sunt do cillum ipsum dolore quis adipisicing reprehenderit.',57474),(3054286,'https://picsum.photos/id/397/300/300',286,'Tsunamia ex proident','f12ab267-36a6-48d1-b5d9-2f04022bcc65','QL','Enim est anim velit do do reprehenderit laborum eiusmod.',47095),(3073298,'https://picsum.photos/id/409/300/300',298,'Overfork ipsum mollit','cc170dfd-b7ac-4f40-976c-dea7a621c83f','RR','Cillum cillum esse amet quis occaecat esse velit laborum quis proident.',13821),(3206118,'https://picsum.photos/id/229/300/300',118,'Emtrac magna qui','5992ca54-8a40-4445-bc78-46abafccf744','PO','Enim ut laboris dolore dolore ad qui do.',25356),(3206299,'https://picsum.photos/id/410/300/300',299,'Nimon nostrud dolor','e41aaa4e-f063-4896-aaff-cdec1a13665f','QL','Veniam id irure Lorem occaecat aute cillum non commodo nisi.',6616),(3259192,'https://picsum.photos/id/303/300/300',192,'Waretel officia ullamco','94a761b3-7fbf-41bc-84dc-f5f964035fe8','SD','Labore nisi occaecat fugiat cupidatat non.',52449),(3266115,'https://picsum.photos/id/226/300/300',115,'Hivedom qui incididunt','9980b648-3bab-4970-b701-c97950ee95d3','PO','Elit qui Lorem exercitation in id id laboris proident.',49962),(3325183,'https://picsum.photos/id/294/300/300',183,'Neptide Lorem nostrud','9cf7f47e-44c9-47a0-8058-13cfcd4594ee','GF','Lorem ad esse ea mollit irure.',96929),(3362290,'https://picsum.photos/id/401/300/300',290,'Limozen laborum amet','5826ac2d-6007-4443-81d2-c0d6bb0c6736','ZS','Ullamco ea sint tempor non aliqua dolor ullamco ullamco enim laborum et.',22663),(3381155,'https://picsum.photos/id/266/300/300',155,'Roboid ea ut','42c42662-60fa-496f-b316-9a5d7824e984','MS','Nostrud excepteur occaecat tempor reprehenderit officia velit nisi ut exercitation.',99310),(3408288,'https://picsum.photos/id/399/300/300',288,'Collaire minim ex','bbb47755-9ba9-4de8-a2b9-68f86ad190af','QL','Sit aliquip voluptate duis sit ex incididunt consequat commodo proident.',9924),(3430136,'https://picsum.photos/id/247/300/300',136,'Rodemco aliqua veniam','1bb0e9d1-5172-46fb-a689-da49168b3304','XR','Ipsum cillum ex duis do consequat ea id do deserunt commodo dolor sunt magna.',6616),(3464113,'https://picsum.photos/id/224/300/300',113,'Bitendrex excepteur sit','ee4a51dc-4472-484b-a49e-9f8d17a5edc4','RR','Enim enim occaecat anim pariatur ad consequat aliqua mollit consequat in laborum enim.',54875),(3505195,'https://picsum.photos/id/306/300/300',195,'Dyno aliqua tempor','e140be01-1f6c-4b06-b878-7700fe31fd77','GF','Elit sunt nostrud tempor eu ut incididunt occaecat ea consequat est.',5563),(3523127,'https://picsum.photos/id/238/300/300',127,'Zeam aliquip laborum','2d1f9ae8-72be-49d3-b5fc-4d666b18b748','XH','Pariatur magna do eiusmod officia in nisi do adipisicing nisi.',96865),(3537174,'https://picsum.photos/id/285/300/300',174,'Omnigog cillum reprehenderit','97c44b47-aa24-40af-9bf4-901443f02da6','MS','Officia ipsum eu duis dolore nulla do adipisicing labore occaecat.',6616),(3570177,'https://picsum.photos/id/288/300/300',177,'Talkalot adipisicing consectetur','12235919-5611-4e8c-bf9a-621f7d539d62','GF','Sit pariatur laboris commodo tempor.',99310),(3591268,'https://picsum.photos/id/379/300/300',268,'Glasstep consequat duis','e0f0bdc4-75f1-48a6-9683-e77101c577b8','LD','Eu commodo Lorem ea voluptate Lorem irure magna.',90564),(3614108,'https://picsum.photos/id/219/300/300',108,'Printspan sunt adipisicing','58060776-bc25-4bda-bd56-0d823eff7f52','LD','Deserunt elit deserunt id occaecat magna qui sunt amet.',7818),(3670197,'https://picsum.photos/id/308/300/300',197,'Norali mollit adipisicing','67e698b5-ef3d-4552-82c0-87186ffe696e','LD','Id veniam dolore quis sunt duis non id.',96865),(3699111,'https://picsum.photos/id/222/300/300',111,'Amtas proident ullamco','7b7f63f8-9566-45f0-9769-b339ebcea9ab','LD','Esse ipsum mollit est commodo irure ea nisi nostrud adipisicing consectetur.',9924),(3792273,'https://picsum.photos/id/384/300/300',273,'Duflex irure aliqua','873ce805-83bf-42d9-bd3a-cb4ef181efa7','RR','Consequat incididunt et fugiat fugiat amet.',49369),(3815169,'https://picsum.photos/id/280/300/300',169,'Lexicondo elit cupidatat','98dd5138-73d7-4220-a17b-dd0631b62f94','QL','Eiusmod nisi culpa ullamco eu reprehenderit pariatur.',87114),(3821198,'https://picsum.photos/id/309/300/300',198,'Metroz irure magna','1f91c6cd-d363-42fc-b58b-b02590f1b1af','MS','Consequat nostrud non dolore consequat enim aliquip et sit aute eiusmod.',25530),(3823189,'https://picsum.photos/id/300/300/300',189,'Rameon aliqua dolor','6d84115e-7080-4487-abc5-351193f52a45','XR','Cillum ad est velit nulla exercitation velit excepteur aliquip do esse eu deserunt.',58319),(3884212,'https://picsum.photos/id/323/300/300',212,'Premiant laboris nisi','92855ac0-61bc-437b-9acb-5e72d0a135aa','RR','Incididunt incididunt non exercitation est non.',94220),(3897210,'https://picsum.photos/id/321/300/300',210,'Geekmosis excepteur nulla','628f1ebc-a666-4012-8a31-ec1c516cf481','PO','Qui dolore laboris cupidatat ex ullamco in adipisicing culpa occaecat et.',25530),(3901117,'https://picsum.photos/id/228/300/300',117,'Rotodyne elit veniam','4617f9aa-b280-405b-97ab-e95dd8d8abe6','QL','Culpa aliquip id ea aliqua.',36579),(3907240,'https://picsum.photos/id/351/300/300',240,'Geoforma labore qui','2a65542a-9c4e-4edc-91fa-0fe604669621','XH','Esse quis ea ipsum pariatur.',39690),(3943222,'https://picsum.photos/id/333/300/300',222,'Cablam anim eiusmod','99d4a94a-93ad-4326-a6cf-914a24a901ba','GF','Et culpa tempor culpa sunt anim.',54875),(3985107,'https://picsum.photos/id/218/300/300',107,'Vixo aliquip duis','7fe869c8-47b5-4ebd-b97a-762124a31124','RR','Culpa minim sint veniam ipsum qui proident aliqua sint sint est Lorem.',75326),(4023221,'https://picsum.photos/id/332/300/300',221,'Izzby ea esse','14452f71-4525-4ee7-8351-4dedb069b2c1','LD','Veniam commodo Lorem do non sint occaecat do.',24236),(4080296,'https://picsum.photos/id/407/300/300',296,'Grupoli qui nisi','8b8a906f-a357-4248-9586-d6134cc66bdf','GF','Nisi esse irure occaecat aliqua sint quis Lorem tempor deserunt in id.',75515),(4092229,'https://picsum.photos/id/340/300/300',229,'Grok aliquip labore','370c5554-3324-4bf9-a88b-b0dfc6d59f91','QL','Occaecat anim cupidatat nisi velit dolore occaecat ea voluptate occaecat.',64071),(4128150,'https://picsum.photos/id/261/300/300',150,'Opticom est fugiat','94318eb7-41cd-4897-b698-518e7732cc92','SD','Pariatur ullamco sint irure consequat velit cupidatat ex cillum sint amet nulla incididunt mollit.',21324),(4186101,'https://picsum.photos/id/212/300/300',101,'Biospan dolore ut','676aaab0-0ab4-43dc-91ab-94f6f507c024','GF','Laboris do ea aute tempor culpa dolore quis occaecat non id ipsum deserunt.',20739),(4268201,'https://picsum.photos/id/312/300/300',201,'Gallaxia anim incididunt','3953bcf5-4885-4f2c-a7d1-d21ab3fb8ef5','GF','Duis laboris duis consequat dolore aliqua.',14944),(4354188,'https://picsum.photos/id/299/300/300',188,'Updat sunt officia','c633a35e-f167-46e0-b631-9f3dafd0c142','LD','Nulla amet nulla in officia exercitation minim cillum non veniam nisi.',90088),(4410246,'https://picsum.photos/id/357/300/300',246,'Yogasm reprehenderit ea','aa308ef6-b69e-4143-92e6-2ed11a4b59e8','XH','Mollit deserunt qui reprehenderit incididunt enim ut.',5532),(4556226,'https://picsum.photos/id/337/300/300',226,'Kineticut et aute','195a355b-8f43-4484-a60a-8e74b75124ef','PO','Aute cupidatat exercitation voluptate ex commodo nisi commodo.',78011),(4616276,'https://picsum.photos/id/387/300/300',276,'Voipa proident proident','80cbc10c-9d4f-4591-9308-4e8f225caa93','XH','Ad non laborum tempor quis consequat mollit incididunt consequat fugiat exercitation non.',9924),(4752228,'https://picsum.photos/id/339/300/300',228,'Zillan proident esse','726138b4-7687-4810-b897-add0f14d0fef','LD','Amet cillum fugiat anim consectetur tempor commodo officia sint proident incididunt ea.',87114),(4822114,'https://picsum.photos/id/225/300/300',114,'Nurali ea veniam','b46dc4c1-580c-4342-94f1-81246fe6d6c5','XR','Amet eu pariatur cupidatat sint commodo consequat aute.',90564),(4846178,'https://picsum.photos/id/289/300/300',178,'Comverges officia Lorem','cd55b58f-a695-4b5e-85b7-0a4cff8f3db6','XH','Duis magna consequat voluptate ipsum nostrud.',25356),(4855291,'https://picsum.photos/id/402/300/300',291,'Parleynet deserunt aliqua','00f22253-caad-467f-8c1c-4ed9a428f278','QL','Tempor ex pariatur occaecat amet culpa et ut do aliqua ex commodo.',3009),(4883203,'https://picsum.photos/id/314/300/300',203,'Mobildata occaecat elit','efb9eaac-2339-4457-88c3-0f3706aeb72c','XH','Exercitation ea anim sunt amet aute consequat duis ad.',14944),(4921162,'https://picsum.photos/id/273/300/300',162,'Intrawear incididunt duis','8a05ae0c-efa8-4352-924c-88af6e99ff0c','QL','Sunt fugiat mollit consequat ipsum velit excepteur consequat.',96040),(4933156,'https://picsum.photos/id/267/300/300',156,'Ovolo ex sunt','1a2ada9e-6cc6-4979-bcb6-700c5d41114d','SD','Do minim reprehenderit ullamco aliqua.',56134),(4942234,'https://picsum.photos/id/345/300/300',234,'Knowlysis non tempor','fe2e4a69-cd51-4873-a4a6-86beb2793183','XR','Incididunt sint cupidatat dolore ut sint fugiat incididunt laboris qui mollit reprehenderit.',22653),(4967140,'https://picsum.photos/id/251/300/300',140,'Chorizon ut reprehenderit','297f8c6b-637b-4d8a-8211-79c50589a5a2','RR','Ad excepteur est nisi incididunt adipisicing do nulla pariatur adipisicing.',78011),(5046247,'https://picsum.photos/id/358/300/300',247,'Andershun nulla cupidatat','648a8f24-5e6a-45b5-976b-c6c1935bca32','SD','Ipsum amet non cupidatat anim culpa amet duis.',68712),(5231190,'https://picsum.photos/id/301/300/300',190,'Xylar nulla ullamco','f7ac84d5-84be-48cc-8b39-0ec34054ab1b','XH','Nisi enim qui nostrud id occaecat magna amet labore consequat.',11352),(5271116,'https://picsum.photos/id/227/300/300',116,'Geekol sit cillum','db5992ce-2985-49ec-ac14-60765b5b611b','LD','Incididunt fugiat dolore fugiat do ad do reprehenderit ipsum voluptate consequat cupidatat elit dolore.',9924),(5363259,'https://picsum.photos/id/370/300/300',259,'Assurity adipisicing pariatur','7f8e4611-0b21-4186-85f0-e817a7d2788a','GF','Elit est consectetur Lorem nulla ex consequat nisi fugiat labore minim aliqua cillum sint consectetur.',26382),(5461171,'https://picsum.photos/id/282/300/300',171,'Niquent aute ea','19fa1054-04da-42e8-b72d-a50e138dc59e','XR','Tempor ullamco reprehenderit ea consequat cillum laborum laborum et eu pariatur commodo.',94220),(5610176,'https://picsum.photos/id/287/300/300',176,'Gaptec reprehenderit duis','84c469a0-5a2b-4232-93ce-b0cca3d553c7','ME','Pariatur adipisicing dolore enim proident ex culpa occaecat reprehenderit aute et qui fugiat laborum.',24236),(5613209,'https://picsum.photos/id/320/300/300',209,'Zenco eu nulla','934b0482-947b-412d-a38a-e4df052ae2bd','RR','Nulla velit commodo enim deserunt.',70199),(5685103,'https://picsum.photos/id/214/300/300',103,'Cinaster consequat nostrud','fbed6b24-269b-410d-bd1b-990b35da594f','XH','Culpa eu do id deserunt et nostrud Lorem.',57474),(5685292,'https://picsum.photos/id/403/300/300',292,'Zilphur laboris aliquip','ab6cbf1f-7f88-4a06-920d-92967ff762b9','XH','Id laborum cillum officia aliqua.',19946),(5754105,'https://picsum.photos/id/216/300/300',105,'Obliq nostrud consequat','294ac9c4-41c7-487f-a9bd-973522fcd89f','GF','Ex ex tempor excepteur nostrud ad non.',8055),(5767232,'https://picsum.photos/id/343/300/300',232,'Zoinage sint esse','c8a72291-792d-4a6b-b419-36e0032260d3','GF','Esse occaecat id qui eiusmod adipisicing.',87114),(5776110,'https://picsum.photos/id/221/300/300',110,'Isologica est ex','900f34df-6030-4954-8b73-8719b2d12378','XH','Aliquip ut tempor occaecat deserunt.',66635),(5783220,'https://picsum.photos/id/331/300/300',220,'Viagrand cillum exercitation','ce695849-4b04-4df5-b3d0-0242e41b3f84','QL','Dolor ullamco adipisicing deserunt quis incididunt.',8055),(5801204,'https://picsum.photos/id/315/300/300',204,'Daycore laboris consequat','4430de10-1d65-417b-923c-23905391070d','MS','Ex cupidatat ut fugiat sunt excepteur irure enim aute ad tempor.',19946),(5832241,'https://picsum.photos/id/352/300/300',241,'Orbin consequat cupidatat','4d0ef3c8-1116-40de-bd2f-427dab6e1b04','SD','Fugiat tempor aliqua amet fugiat elit ea est cillum et cillum reprehenderit.',99131),(5868152,'https://picsum.photos/id/263/300/300',152,'Zaya voluptate tempor','0219e7b1-3027-48aa-82e2-d472bf3ff870','ZS','Occaecat irure elit tempor reprehenderit deserunt aliquip labore quis duis.',24236),(6025278,'https://picsum.photos/id/389/300/300',278,'Cosmetex duis duis','2af0eb0e-5c8c-48d8-baa6-c6a665538a46','RR','Lorem enim sit ullamco voluptate id occaecat amet ipsum adipisicing voluptate ad est sit.',3009),(6037149,'https://picsum.photos/id/260/300/300',149,'Splinx fugiat sint','b676925e-cac3-44f7-b61a-ab891ada4b5e','ZS','Tempor irure mollit quis sint.',90088),(6107224,'https://picsum.photos/id/335/300/300',224,'Rubadub est eiusmod','a5021335-2dae-47bc-8972-6af0d28e83ac','RR','Non elit sint est mollit labore labore incididunt dolore officia fugiat.',83587),(6158121,'https://picsum.photos/id/232/300/300',121,'Accusage enim id','e8463d4e-1072-4f75-b1ec-3f8403db8af8','ZS','Esse ut laboris in sint amet nostrud esse labore esse fugiat incididunt exercitation consectetur.',49369),(6198175,'https://picsum.photos/id/286/300/300',175,'Medalert ea officia','c630e02c-c5be-46fd-8ed7-db9ff9f96c21','PO','Incididunt laborum consequat irure consectetur non laboris officia sunt exercitation aliquip anim.',66635),(6210168,'https://picsum.photos/id/279/300/300',168,'Organica ut qui','ca6025e5-172c-4a7b-b4b0-e38a3d19736b','SD','Magna cillum sunt cillum occaecat quis tempor elit ea laboris Lorem duis.',22663),(6212257,'https://picsum.photos/id/368/300/300',257,'Anivet exercitation anim','2136fbd5-512e-4a43-8729-e81c1551dca1','QL','Aliquip adipisicing laboris consequat pariatur laboris aliqua laborum id.',20739),(6305130,'https://picsum.photos/id/241/300/300',130,'Oronoko consequat non','48c1d1ec-1fa4-4141-a602-25bdd0be6218','XH','Mollit sunt consequat exercitation deserunt non.',67291),(6377191,'https://picsum.photos/id/302/300/300',191,'Pharmex Lorem amet','60d44d50-edaf-4de4-afc0-e3e48720b644','RR','Culpa sit quis ipsum sunt mollit ad.',67291),(6387256,'https://picsum.photos/id/367/300/300',256,'Geoform velit nisi','bc218f12-9a84-469d-afb9-a28b516dc996','MS','Irure laboris sint voluptate ad cupidatat ex laborum pariatur ipsum.',21324),(6461104,'https://picsum.photos/id/215/300/300',104,'Playce do laborum','a98ab188-43dc-4d53-b972-f88b61bfb3f0','QL','Sunt ut fugiat est sint officia eu aliqua proident.',25530),(6471207,'https://picsum.photos/id/318/300/300',207,'Vortexaco dolor mollit','887ff65e-ecea-48d3-a10e-7b33de15fbf5','XR','Laborum incididunt officia do velit ea labore minim consectetur.',1790),(6590146,'https://picsum.photos/id/257/300/300',146,'Goko sunt nisi','39f36659-0acd-4606-9622-17a18d82efa6','PO','Sit minim nisi laborum consectetur tempor commodo et deserunt mollit minim pariatur labore commodo ut.',9924),(6639182,'https://picsum.photos/id/293/300/300',182,'Avenetro eu mollit','8a30bf71-486c-4c82-887b-6b61960d1dbd','RR','Laborum anim ex eiusmod aliquip cillum dolor voluptate Lorem laboris consectetur ullamco.',57378),(6640217,'https://picsum.photos/id/328/300/300',217,'Portico aute cillum','ae91cfc0-d3ff-418d-87a2-4e5ac4b03491','MS','Excepteur sunt amet consequat cupidatat consectetur eiusmod.',62198),(6659260,'https://picsum.photos/id/371/300/300',260,'Podunk sit irure','2ad5e5e0-3c86-4fcc-9e20-d3a312e1100e','XH','Voluptate ea eu labore aliquip incididunt excepteur.',67291),(6712143,'https://picsum.photos/id/254/300/300',143,'Zilodyne incididunt officia','3452839c-b186-4b02-b4b5-bfbb1adbbbdd','RR','Dolore cupidatat sit elit non anim id deserunt nulla deserunt nulla excepteur ex.',96865),(6768275,'https://picsum.photos/id/386/300/300',275,'Translink esse id','b35604c0-729d-49c6-8216-a82aa9c721e1','XH','Id laborum et mollit adipisicing tempor eu.',72842),(6835216,'https://picsum.photos/id/327/300/300',216,'Junipoor cupidatat non','1a5edf0e-bfb6-4a78-bea3-122b1a7e78c2','GF','Ullamco reprehenderit esse officia laborum enim quis labore anim do amet.',49054),(6869184,'https://picsum.photos/id/295/300/300',184,'Comveyer minim eiusmod','0fe999e9-cbf5-4214-8670-07f41df1c201','RR','Laboris elit minim irure aliquip do fugiat fugiat quis enim consequat nostrud.',49962),(6984282,'https://picsum.photos/id/393/300/300',282,'Ersum duis eiusmod','ed6f0a95-d593-4b59-b48e-74457953044d','ZS','Deserunt eu voluptate in laboris nulla mollit voluptate ipsum.',25522),(6998263,'https://picsum.photos/id/374/300/300',263,'Multron irure excepteur','585ab9cb-ed83-4029-af4e-bbcda05d07ed','GF','Aliquip nostrud pariatur nisi id minim occaecat mollit fugiat nulla.',3937),(7010280,'https://picsum.photos/id/391/300/300',280,'Fiberox nulla mollit','57b82810-52ed-4c05-bcdc-86c9372d470b','ME','Est voluptate laboris ipsum fugiat occaecat nisi.',72027),(7019287,'https://picsum.photos/id/398/300/300',287,'Tetak consectetur dolor','81df5e17-df6a-4319-a5bf-818203126e74','ZS','Et deserunt occaecat incididunt ad id irure enim.',64071),(7023293,'https://picsum.photos/id/404/300/300',293,'Cubix aliqua ad','c5f0ac1a-5d08-48e6-bee7-1f2758233425','ME','Nostrud proident consectetur consequat est eu veniam deserunt ea excepteur in laborum esse amet exercitation.',90077),(7063165,'https://picsum.photos/id/276/300/300',165,'Oulu ex sit','727eadbd-5884-49aa-82d9-d72be89de855','PO','Ex in anim adipisicing pariatur.',96929),(7098225,'https://picsum.photos/id/336/300/300',225,'Prosure nulla dolore','f5578725-ef45-48cf-aaa7-d19a30092c4c','GF','Quis nostrud fugiat minim dolor consequat non nisi non quis in ipsum ex.',96929),(7100144,'https://picsum.photos/id/255/300/300',144,'Corepan aute laboris','9d57a20d-a908-4803-a1c1-3e38211ad124','ME','Dolor occaecat dolor non exercitation id velit excepteur sit magna tempor deserunt est adipisicing.',59568),(7106213,'https://picsum.photos/id/324/300/300',213,'Zizzle excepteur incididunt','e5ed64a2-6080-4b1a-b496-7e068fa970f4','ME','Ullamco labore ea proident amet occaecat est nostrud magna esse exercitation mollit dolore tempor.',8055),(7210139,'https://picsum.photos/id/250/300/300',139,'Dreamia consectetur pariatur','ebf357f9-8d84-47d3-b549-2431bdf387b0','XH','Dolore nulla consectetur fugiat amet tempor aliquip eu sint dolore.',34017),(7239133,'https://picsum.photos/id/244/300/300',133,'Zidant ut magna','8f98cf72-62b0-435d-a092-e3f0e46ce254','SD','Irure esse excepteur tempor dolor labore quis sunt ea.',8055),(7276202,'https://picsum.photos/id/313/300/300',202,'Isodrive eu magna','84e0c0f0-2e1f-4f1c-bf94-522b2bbe9a37','RR','Culpa incididunt eu deserunt aliqua pariatur dolore.',37861),(7329206,'https://picsum.photos/id/317/300/300',206,'Enomen deserunt qui','e59df3a5-6872-4ad9-9047-b08740070045','XH','Fugiat irure incididunt ipsum culpa dolor qui esse id magna anim aliqua quis reprehenderit sunt.',96929),(7340214,'https://picsum.photos/id/325/300/300',214,'Songlines pariatur quis','71d246aa-a1a5-4cdb-b3ee-9aa453069f66','SD','In excepteur tempor excepteur minim labore duis eiusmod esse dolore non dolore adipisicing mollit.',25530),(7381124,'https://picsum.photos/id/235/300/300',124,'Pulze aliqua nulla','4dd2583d-cffe-4476-b8ce-a06cc3db56bf','GF','Proident veniam occaecat id voluptate.',75515),(7409250,'https://picsum.photos/id/361/300/300',250,'Ziggles adipisicing adipisicing','1da8f2d1-615a-416a-8156-3af40aec3cb0','LD','Deserunt do veniam Lorem cillum tempor aute veniam.',21324),(7553172,'https://picsum.photos/id/283/300/300',172,'Techmania laborum consectetur','c8543f54-e7e7-4a92-a6ce-84655c970d2f','MS','Quis minim et duis quis adipisicing minim id voluptate.',13772),(7679243,'https://picsum.photos/id/354/300/300',243,'Eventage quis eu','c652f455-152a-4bf8-9a22-ca969ba5a4a4','QL','Excepteur consectetur eu nisi in sit duis ea nulla nostrud reprehenderit labore laboris consequat.',26659),(7743255,'https://picsum.photos/id/366/300/300',255,'Newcube culpa excepteur','002e1267-0482-4f93-888a-68b22793158e','LD','Eiusmod tempor adipisicing ullamco proident nostrud laborum sint.',3009),(7749244,'https://picsum.photos/id/355/300/300',244,'Lumbrex dolor enim','cc1e0734-5572-4325-b9f7-f2fa6668ece7','ZS','Ut nulla nostrud ea proident eiusmod quis non ut aliquip occaecat laborum aute.',83587),(7791119,'https://picsum.photos/id/230/300/300',119,'Qiao incididunt velit','b0b2e7d6-3fb1-4d17-97d1-e108281122da','XH','Ut occaecat fugiat est officia Lorem proident quis dolor ut culpa.',11352),(7810253,'https://picsum.photos/id/364/300/300',253,'Dentrex nulla est','2087fa4f-cf23-4975-8b99-8564b5755fc4','ZS','Ipsum occaecat reprehenderit ut deserunt duis deserunt id eu ad.',75515),(7823167,'https://picsum.photos/id/278/300/300',167,'Shepard exercitation dolore','f1381cff-ddf9-4588-b36f-e9b291b0e4fb','PO','Ad eu exercitation cupidatat cillum in sint eu quis laborum.',25356),(7882284,'https://picsum.photos/id/395/300/300',284,'Quonata sint amet','7f41665d-b22f-40f6-b12c-c908a0203c2f','PO','Reprehenderit nulla labore id exercitation pariatur commodo Lorem in ullamco est dolore.',63032),(7930199,'https://picsum.photos/id/310/300/300',199,'Marqet elit do','ff4f8db7-00e2-4408-a4c5-6a72e080be01','ZS','Pariatur in sit irure nulla consequat nulla minim reprehenderit cupidatat ullamco voluptate.',75326),(7947251,'https://picsum.photos/id/362/300/300',251,'Aclima deserunt Lorem','71c1aa2e-54d3-415e-bc55-8ae633adf039','PO','Deserunt mollit pariatur in ex veniam reprehenderit ea amet ea.',26382),(7987181,'https://picsum.photos/id/292/300/300',181,'Applideck duis aute','e5c77313-ce32-485b-af13-1873abe63126','ME','Quis incididunt in esse consectetur laboris culpa reprehenderit amet magna mollit do consequat adipisicing.',70199),(8021193,'https://picsum.photos/id/304/300/300',193,'Lyrichord occaecat aliquip','605d4e15-70be-4daa-ab65-febbe861da40','QL','Id eu aute ex sunt ipsum excepteur velit aute elit mollit eiusmod ad sit.',13821),(8053266,'https://picsum.photos/id/377/300/300',266,'Elemantra commodo officia','e5c5fadb-0d51-42c6-93bc-590c53549ace','ME','Non in pariatur veniam sit eiusmod.',25530),(8115135,'https://picsum.photos/id/246/300/300',135,'Polaria esse fugiat','98112c34-6888-4f1f-8f48-8f474f87861b','GF','Id sit fugiat est enim.',32170),(8126161,'https://picsum.photos/id/272/300/300',161,'Maxemia cupidatat commodo','e78f7398-6ef8-43ec-80e2-8bdadaeb12ca','QL','Anim proident duis eiusmod culpa.',21285),(8303173,'https://picsum.photos/id/284/300/300',173,'Xeronk magna qui','71be92ae-8771-45d3-bbde-6dbc433ee6fe','GF','Ut veniam officia aliquip ad velit amet pariatur incididunt ipsum.',94220),(8341233,'https://picsum.photos/id/344/300/300',233,'Softmicro Lorem duis','465a16e9-6ef3-4fdc-a943-03468729a306','SD','Tempor voluptate fugiat do velit nostrud.',96040),(8431245,'https://picsum.photos/id/356/300/300',245,'Assitia occaecat irure','7e493f55-b310-4345-98be-6abec8b67c69','ZS','Reprehenderit ut esse laborum duis non.',26659),(8437265,'https://picsum.photos/id/376/300/300',265,'Comstruct ipsum aute','7742ea84-6ed1-477f-8ee7-991ee0bc1af5','LD','Officia exercitation deserunt adipisicing commodo tempor qui amet duis culpa excepteur.',62386),(8441166,'https://picsum.photos/id/277/300/300',166,'Renovize elit commodo','cda875d9-4804-42ea-a003-6abc35242102','PO','Pariatur dolore laborum do id reprehenderit nostrud incididunt nisi nulla sit.',25356),(8456267,'https://picsum.photos/id/378/300/300',267,'Buzzness irure ex','3b240f24-be78-4489-b844-33e5b4755dd2','RR','Magna aliquip ex in in esse exercitation officia nulla proident do cupidatat ea.',39923),(8468129,'https://picsum.photos/id/240/300/300',129,'Ronbert incididunt proident','f114b03d-6f2d-41c3-9080-d8ac46c7cef4','LD','Eu aliquip sunt esse nulla veniam laborum sunt nostrud culpa cupidatat.',35933),(8476131,'https://picsum.photos/id/242/300/300',131,'Magnafone amet dolor','f2d22b37-08ff-466b-8996-aa33e59b73ce','LD','Laboris nulla magna excepteur pariatur aliquip.',62198),(8521254,'https://picsum.photos/id/365/300/300',254,'Exoswitch officia ex','52d0a2a4-1579-4b13-a5b0-26a09a78ecb7','RR','Ex excepteur laborum aute adipisicing quis esse sint consequat id amet id pariatur.',29341),(8533163,'https://picsum.photos/id/274/300/300',163,'Orbiflex labore nostrud','07749d73-e7a4-45b0-b09b-d5a315dcd151','QL','Pariatur proident sit nisi ipsum fugiat et pariatur sunt.',86755),(8534102,'https://picsum.photos/id/213/300/300',102,'Globoil irure magna','99c32465-3769-4bbb-ad32-560c9d4b5cbe','RR','Consequat reprehenderit aliqua nostrud id proident fugiat do ad exercitation incididunt irure mollit aliquip dolore.',19946),(8625277,'https://picsum.photos/id/388/300/300',277,'Medmex sint ullamco','fdbbd493-76cb-4232-ba56-3259fffb78be','ZS','Pariatur ullamco qui officia mollit officia elit commodo sint et in qui esse.',3009),(8640170,'https://picsum.photos/id/281/300/300',170,'Realmo culpa aute','61dbce86-d527-41ec-9983-887b7db52fdc','XH','Fugiat aliqua exercitation commodo eu non.',65048),(8682279,'https://picsum.photos/id/390/300/300',279,'Opticall est fugiat','83ea4747-2aec-4034-98f3-e8dee7e1173d','RR','Aliquip consectetur minim eiusmod consectetur aute sint sint elit.',49054),(8688258,'https://picsum.photos/id/369/300/300',258,'Orbalix occaecat reprehenderit','92a1b2b5-e564-48cc-a2ae-b407f55c8b3e','XH','Et amet in non ad velit dolor quis consectetur.',34017),(8702179,'https://picsum.photos/id/290/300/300',179,'Lotron proident laborum','59d0ab24-370a-48ce-87ca-672455411320','GF','Dolore enim enim ad occaecat voluptate reprehenderit cillum aliquip cupidatat.',75515),(8848242,'https://picsum.photos/id/353/300/300',242,'Koffee sint tempor','d34a41e0-6808-400f-9e18-4e69c9ea650c','SD','Labore dolore elit sint nostrud qui minim quis esse deserunt nostrud cupidatat do aute.',72027),(9042160,'https://picsum.photos/id/271/300/300',160,'Bostonic elit nostrud','9cd42e28-c445-4e3a-ae82-e3ce3dcbc38d','GF','Laborum culpa eu ullamco eiusmod officia ea sint ut tempor magna dolore laboris eu.',78494),(9076194,'https://picsum.photos/id/305/300/300',194,'Boink qui quis','47d0054b-40c3-428a-bd8b-77da692c2eb2','XH','Exercitation labore ipsum ad est qui cillum in officia labore quis mollit ad dolor.',46151),(9130235,'https://picsum.photos/id/346/300/300',235,'Phormula eiusmod duis','5468120d-ffe7-453d-b835-5b7b401f315f','MS','Ex pariatur ullamco qui veniam in dolore eiusmod dolore anim irure.',29973),(9226295,'https://picsum.photos/id/406/300/300',295,'Deepends sit eiusmod','e19d5c6d-b13e-4a45-92a4-e75d594bda4e','ME','Exercitation fugiat sint tempor do duis pariatur anim incididunt tempor minim elit duis amet.',9924),(9279187,'https://picsum.photos/id/298/300/300',187,'Turnling aute ex','3748fddc-c801-4f9e-a646-dc13e73bb8ed','QL','Tempor ea aliqua labore in et ullamco.',78494),(9328109,'https://picsum.photos/id/220/300/300',109,'Musaphics adipisicing aliqua','6737c5d3-aadb-499a-bfae-8a4e13f9146a','SD','Ad nostrud minim est officia exercitation irure amet voluptate culpa sint ipsum elit aliqua anim.',22558),(9329205,'https://picsum.photos/id/316/300/300',205,'Ezentia irure labore','5922184b-afe7-4147-8982-3226f657f809','ME','Fugiat enim tempor anim esse veniam cupidatat sunt Lorem id amet nisi occaecat.',39643),(9336157,'https://picsum.photos/id/268/300/300',157,'Fuelworks do veniam','6a282327-2d7b-4846-8eef-4d7a028a598b','XH','Ad velit proident irure magna qui sint.',90077),(9337185,'https://picsum.photos/id/296/300/300',185,'Savvy aliqua ea','5a89b331-7202-4a7e-a457-bd72199e58b1','MS','Laboris Lorem non velit eu non.',37861),(9383159,'https://picsum.photos/id/270/300/300',159,'Bitrex cupidatat id','2ddf26d5-6804-4a9b-a702-7e3de6aeadc8','MS','Non cillum proident id velit enim anim reprehenderit anim.',27884),(9390151,'https://picsum.photos/id/262/300/300',151,'Toyletry do ex','9fbcf340-161f-4faf-95e7-4354b8d86531','LD','Excepteur nulla nostrud incididunt tempor do nulla consectetur qui mollit et cillum nostrud commodo.',21324),(9392148,'https://picsum.photos/id/259/300/300',148,'Orbean ad voluptate','7d691d4b-eddd-49eb-a29d-e064f89f8577','MS','Labore sint laborum deserunt sint cillum irure commodo in id consectetur laboris id irure.',19946),(9396239,'https://picsum.photos/id/350/300/300',239,'Eplosion laborum velit','cc4e0bfb-21b3-465e-9431-96df27f1a725','ME','Culpa fugiat adipisicing ullamco occaecat nostrud irure.',22663),(9411237,'https://picsum.photos/id/348/300/300',237,'Centrexin non esse','11373474-fc5c-4191-9ebe-67dd7bf233d5','GF','Eiusmod fugiat magna voluptate ullamco adipisicing elit anim incididunt.',79325),(9422248,'https://picsum.photos/id/359/300/300',248,'Columella dolore consectetur','3d619686-8a52-4cfd-9c2e-0ab4df89ef06','LD','Amet consectetur occaecat ullamco sunt reprehenderit consequat nostrud enim sit.',98366),(9439125,'https://picsum.photos/id/236/300/300',125,'Earthwax ex ullamco','12fddc75-73ab-48c8-b61c-159e0c366742','ZS','Eiusmod laborum do nulla culpa deserunt fugiat quis quis cillum.',25860),(9445281,'https://picsum.photos/id/392/300/300',281,'Pyramax aute cupidatat','4c892ec2-8794-4543-9312-3405ec4b4f66','MS','Incididunt aliqua culpa occaecat duis.',43657),(9450145,'https://picsum.photos/id/256/300/300',145,'Anocha Lorem Lorem','ad221167-ed36-4f8d-ad22-e58e2355586c','ME','Id reprehenderit elit incididunt in fugiat exercitation consectetur ad.',11352),(9529147,'https://picsum.photos/id/258/300/300',147,'Comtest aliquip excepteur','f1f878b8-7615-44aa-8b30-59893bed09da','XH','Laboris occaecat velit adipisicing in ex.',65048),(9580112,'https://picsum.photos/id/223/300/300',112,'Songbird cillum ad','6bd6e812-1dab-468b-82d3-df882b745968','GF','Laboris ullamco consequat qui cillum ullamco fugiat nisi eu sit aute mollit deserunt ipsum officia.',70199),(9601200,'https://picsum.photos/id/311/300/300',200,'Digifad cupidatat mollit','45517503-3df8-4633-91c4-74e24389d011','XR','Officia deserunt consequat anim laborum do quis.',98366),(9627211,'https://picsum.photos/id/322/300/300',211,'Utarian dolore deserunt','28078fea-ef44-4ed4-823f-f7f5d111575f','RR','Consequat reprehenderit pariatur id sint labore.',47095),(9663227,'https://picsum.photos/id/338/300/300',227,'Polarium magna consectetur','f505b7ef-aa78-47d4-9b34-e99e44154115','XR','Esse ad ullamco duis ullamco.',6681),(9726261,'https://picsum.photos/id/372/300/300',261,'Ultrimax non consectetur','f08ba3d6-4b6a-41aa-b4bd-edeb8ddfce44','LD','Commodo mollit sit reprehenderit est culpa.',49962),(9729120,'https://picsum.photos/id/231/300/300',120,'Tellifly ut amet','6ca4f701-dfb2-48a1-b02f-e56323230ec9','GF','Deserunt ipsum sit sint ut mollit voluptate ipsum anim tempor duis qui deserunt.',75326),(9830153,'https://picsum.photos/id/264/300/300',153,'Crustatia enim aliquip','218a23b6-5b36-4412-939a-f7de61fc7e96','LD','Anim qui est fugiat adipisicing excepteur et quis ipsum amet do.',3009),(9832294,'https://picsum.photos/id/405/300/300',294,'Zoid non ea','7ad4138f-097a-4f04-899e-d3e5b98d1447','XH','Occaecat proident eiusmod nisi commodo ullamco officia pariatur ullamco esse ipsum cupidatat.',5563),(9847208,'https://picsum.photos/id/319/300/300',208,'Grainspot eiusmod elit','e72893c3-47d6-42e6-a6f9-ae9d8a7c9d46','MS','Consequat tempor officia sit labore occaecat nisi sit.',96929),(9881196,'https://picsum.photos/id/307/300/300',196,'Idealis consectetur labore','65b698bb-2aed-42e7-b3d8-4be76912d2bd','GF','Ad dolor ullamco velit velit aute id pariatur laborum.',64071),(9934289,'https://picsum.photos/id/400/300/300',289,'Geeky laborum duis','ab759c74-e1ab-4cfa-acab-502c0b978cd9','QL','Et amet nisi est consequat velit.',37861);
/*!40000 ALTER TABLE `families` ENABLE KEYS */;
UNLOCK TABLES;

--
-- Table structure for table `products`
--

DROP TABLE IF EXISTS `products`;
/*!40101 SET @saved_cs_client     = @@character_set_client */;
/*!50503 SET character_set_client = utf8mb4 */;
CREATE TABLE `products` (
  `id` int NOT NULL,
  `image` longtext,
  `index` int DEFAULT NULL,
  `name` varchar(128) DEFAULT NULL,
  `serial` varchar(256) DEFAULT NULL,
  `description` longtext,
  `height` float DEFAULT NULL,
  `width` float DEFAULT NULL,
  `weight` float DEFAULT NULL,
  `added` varchar(45) DEFAULT NULL,
  `price` int DEFAULT NULL,
  `familyId` int DEFAULT NULL,
  PRIMARY KEY (`id`)
) ENGINE=InnoDB DEFAULT CHARSET=utf8mb4 COLLATE=utf8mb4_0900_ai_ci;
/*!40101 SET character_set_client = @saved_cs_client */;

--
-- Dumping data for table `products`
--

LOCK TABLES `products` WRITE;
/*!40000 ALTER TABLE `products` DISABLE KEYS */;
INSERT INTO `products` VALUES (150399,'https://picsum.photos/id/9/300/300',9,'Photobin commodo duis','950e52b1-01d5-44ca-bc7f-20c5a9d4fb5c','Lorem nisi qui pariatur quis esse ut duis elit Lorem dolor dolor ipsum nostrud.',164.978,272.897,250.312,'2019-10-21',96908,427066),(176657,'https://picsum.photos/id/7/300/300',7,'Soprano velit id','e1c28379-c44a-49c8-b04a-ecac0d167aff','Tempor duis laborum aliqua anim.',140.386,218.894,202.614,'2022-09-13',63132,6984282),(211744,'https://picsum.photos/id/4/300/300',4,'Bicol mollit labore','d1d58a86-d93e-40ed-9681-cf592a45b0d1','Laboris est do irure fugiat dolore aliquip ex duis anim et deserunt minim nostrud nisi.',187.841,238.148,216.729,'2020-01-27',36219,6107224),(221096,'https://picsum.photos/id/6/300/300',6,'Sultraxin dolor adipisicing','dd9e5035-be90-4e0d-a0c6-53db8872e65e','Velit duis commodo adipisicing sint sint excepteur eu laborum incididunt ea tempor tempor incididunt.',130.465,194,255.125,'2021-10-24',16065,9411237),(267545,'https://picsum.photos/id/5/300/300',5,'Flexigen enim ex','ba911c04-abc8-4a32-8f80-ec9eeb59fa13','Veniam eu officia do eiusmod minim Lorem aute elit ut Lorem pariatur nisi dolor est.',123.39,257.231,278.374,'2018-02-22',40641,3206299),(385282,'https://picsum.photos/id/2/300/300',2,'Gogol officia nostrud','f7c56401-b0d4-4dee-a83f-69a38e03bd9b','Labore dolore cupidatat nisi irure ipsum sint.',175.378,205.82,253.962,'2016-07-19',20741,3073298),(435471,'https://picsum.photos/id/1/300/300',1,'Slax ad fugiat','1b010b2c-b8a0-4a5f-b44b-a7676958bd03','Sint elit cupidatat adipisicing aliqua Lorem magna cupidatat Lorem.',188.873,211.785,222.456,'2020-02-17',32089,1774123),(541588,'https://picsum.photos/id/8/300/300',8,'Slumberia aute do','91b36410-7553-4271-b0fb-9fa33f0aea6b','Occaecat id cillum eu aute mollit eiusmod adipisicing est cillum do cupidatat adipisicing.',142.614,222.397,213.874,'2014-01-25',64175,5685103),(574673,'https://picsum.photos/id/3/300/300',3,'Eventix deserunt pariatur','d69e73d5-b90b-402b-9a2f-fd37fcc1129f','Ullamco et sint enim ipsum veniam aute ullamco nisi.',185.194,201.84,238.44,'2022-10-25',42012,4128150),(711940,'https://picsum.photos/id/0/300/300',0,'Oulu incididunt reprehenderit','7696b82a-191c-4aff-bb33-e80397638321','Aliqua esse ipsum enim consectetur.',92.1036,235.621,231.009,'2014-09-23',45243,6768275),(1062332,'https://picsum.photos/id/32/300/300',32,'Earthplex in do','28334c00-36b4-4371-a66f-a1f01da90951','Sunt irure est mollit quis voluptate dolor consequat excepteur sit commodo reprehenderit.',105.404,204.429,234.892,'2022-07-09',70459,7987181),(1103885,'https://picsum.photos/id/85/300/300',85,'Geekola aute Lorem','83d0bca3-239e-4022-a6df-bcb0d36f45a9','Ullamco voluptate ut dolore non ut cillum laborum proident dolore labore incididunt.',137.914,267.311,278.646,'2016-04-30',72031,4092229),(1157949,'https://picsum.photos/id/49/300/300',49,'Moltonic et elit','5e75c496-2133-4a2b-8c1f-deab09403ea0','Enim enim nulla elit enim.',168.756,230.591,189.108,'2015-03-12',73875,459888),(1333353,'https://picsum.photos/id/53/300/300',53,'Quizka ullamco deserunt','ac3e36c0-1ddf-4b92-8436-d3c4634c4047','Ex sint dolore mollit reprehenderit et do sint ipsum dolor.',157.792,199.179,233.965,'2015-06-09',53313,2310180),(1351746,'https://picsum.photos/id/46/300/300',46,'Duoflex tempor exercitation','a81ab24a-3923-42ff-a732-91b618011ad8','Aute sint nisi reprehenderit eu do proident non eiusmod sint.',98.6989,214.068,273.272,'2018-12-01',62554,8441166),(1441956,'https://picsum.photos/id/56/300/300',56,'Bisba non excepteur','3855f321-7ac9-4d34-b9c1-400ee244d379','Do ad ullamco reprehenderit do aliqua enim proident adipisicing commodo esse.',125.102,278.923,234.122,'2014-11-13',35974,7106213),(1663088,'https://picsum.photos/id/88/300/300',88,'Lunchpod nulla fugiat','fbcf54a1-bb19-4ff5-8aef-d884be5d3741','Duis irure consequat aliqua pariatur et exercitation fugiat exercitation eu qui nulla.',155.564,257.309,253.622,'2018-08-24',33593,6984282),(1682454,'https://picsum.photos/id/54/300/300',54,'Jasper labore est','d3ffc82d-ed85-4224-a4f4-4d4b45393ed0','Aliqua consequat deserunt esse esse minim commodo ad.',156.926,256.943,198.631,'2014-08-05',30396,8848242),(1689925,'https://picsum.photos/id/25/300/300',25,'Viagrand labore ex','739de0f8-e3e4-4b17-afd8-59f925e9d2c5','Occaecat quis Lorem cillum labore exercitation cillum cupidatat.',116.858,257.528,213.894,'2021-04-11',11950,2790134),(1722145,'https://picsum.photos/id/45/300/300',45,'Entropix cupidatat duis','1194a64f-4cd7-4e84-a660-4779d3c4066d','Labore officia occaecat pariatur aliqua minim quis occaecat dolor magna do mollit laborum.',182.814,199.361,253.951,'2015-05-17',15018,474641),(1857962,'https://picsum.photos/id/62/300/300',62,'Zilencio commodo in','a07ee95c-8712-4d57-94f5-741cb3c7184c','Deserunt voluptate mollit elit sint proident officia cillum voluptate nisi exercitation.',156.59,184.387,237.912,'2014-08-06',41488,3013285),(1863952,'https://picsum.photos/id/52/300/300',52,'Irack id ad','efd46583-8b33-4fcb-8fd2-e7aeac56dc56','Ullamco dolore laboris ex irure velit labore.',135.696,225.933,253.955,'2017-01-18',27385,200457),(1888176,'https://picsum.photos/id/76/300/300',76,'Cowtown minim aute','cd3c6203-72c0-46d8-aeec-de1bb4171629','Dolor aute sit sint tempor esse qui.',181.481,232.988,201.063,'2019-05-11',69541,416936),(1902227,'https://picsum.photos/id/27/300/300',27,'Solaren aliquip magna','d225edaa-d83e-4d34-9f7c-26ca328b55e9','Irure culpa excepteur labore mollit reprehenderit id consectetur sint aliqua nostrud est pariatur sit amet.',98.472,251.904,215.476,'2021-05-17',36900,6471207),(1915863,'https://picsum.photos/id/63/300/300',63,'Assurity quis laboris','53d31df3-3b61-4d88-9704-88ab536a2eb8','Ullamco do quis ipsum consequat.',139.418,199.346,237.056,'2018-12-04',95847,7749244),(1923628,'https://picsum.photos/id/28/300/300',28,'Anocha et elit','495f6a3c-c0ed-45a9-afd3-0d2404133055','Voluptate id elit nulla id consequat aute dolor.',122.193,260.514,250.345,'2022-10-26',61095,901379),(1943120,'https://picsum.photos/id/20/300/300',20,'Geekol tempor ut','84ef1d33-e34b-426e-ab6b-bdd7ad7d9363','Esse labore ea incididunt commodo culpa dolore mollit ex reprehenderit Lorem velit.',134.7,232.391,269.914,'2019-01-08',60469,426477),(2282861,'https://picsum.photos/id/61/300/300',61,'Rocklogic aliqua et','36ba344f-9f46-4582-820f-d7d0ae4289c4','Proident velit ex irure adipisicing dolor in veniam culpa aliqua aliquip nostrud laborum.',184.383,186.57,202.209,'2014-12-24',46447,2130154),(2339221,'https://picsum.photos/id/21/300/300',21,'Cinaster pariatur tempor','5583b00e-756d-4956-b992-7095a016051e','Pariatur eu magna aliqua sit pariatur cupidatat adipisicing.',93.7121,254.412,269.589,'2019-06-04',56806,8441166),(2370466,'https://picsum.photos/id/66/300/300',66,'Katakana nulla eu','03fd0ab2-fb24-470f-ad91-94180c6a62e8','Laborum laborum et pariatur qui aliquip.',183.341,200.221,245.91,'2021-03-05',14987,9396239),(2407278,'https://picsum.photos/id/78/300/300',78,'Imant elit tempor','d17c9ffd-3765-458b-867f-c186b815e0a8','Qui cillum aliquip tempor culpa velit tempor proident dolore dolor.',149.512,225.661,196.837,'2018-07-06',75474,7329206),(2970314,'https://picsum.photos/id/14/300/300',14,'Zilch irure excepteur','98494db0-ef84-4692-93bc-faafa3d4ef3a','Velit labore veniam non ex Lorem.',128.385,227.206,189.913,'2020-08-22',16960,4846178),(3026960,'https://picsum.photos/id/60/300/300',60,'Medmex excepteur laborum','39df5660-6794-4f0d-b429-9b1b71c3c415','Non non aliqua qui id cillum sint irure consectetur consequat non.',149.813,264.986,265.554,'2021-06-06',67729,246887),(3444224,'https://picsum.photos/id/24/300/300',24,'Genmex ea anim','0b3c8576-7844-4c4d-b847-2ca30dd6bb2b','Consectetur id commodo qui adipisicing elit mollit occaecat ipsum consectetur qui ea ad non nisi.',134.177,221.885,237.482,'2020-11-30',42284,405767),(3452899,'https://picsum.photos/id/99/300/300',99,'Tourmania magna adipisicing','77607592-dc10-40ee-9f27-ebdb0648f734','Do amet sint laborum anim cupidatat tempor.',145.218,220.347,239.1,'2016-12-24',84264,243212),(3574651,'https://picsum.photos/id/51/300/300',51,'Xymonk aliqua nisi','fda83f3c-e443-4074-b224-5bc4ae22b84d','Consequat eiusmod minim duis aliqua Lorem in esse do aute qui cillum.',121.516,242.805,216.842,'2019-04-13',50801,7098225),(3808242,'https://picsum.photos/id/42/300/300',42,'Conferia irure duis','417ab8b7-8528-40b2-b256-5c7a5a4946b2','Anim incididunt nisi reprehenderit non amet excepteur enim excepteur dolor nisi laborum excepteur fugiat cupidatat.',178.558,247.263,242.367,'2017-04-25',89377,2718186),(3961319,'https://picsum.photos/id/19/300/300',19,'Circum fugiat fugiat','2cf42192-f0c4-4664-84b1-7ab1f575fb22','Ea ea mollit ut quis deserunt sint officia cillum velit dolore.',134.44,214.221,269.102,'2021-01-10',86650,4822114),(3963282,'https://picsum.photos/id/82/300/300',82,'Qaboos mollit cupidatat','68d31f5c-425b-4e3f-970d-a1b551eaf868','Aliqua reprehenderit magna adipisicing anim commodo sunt.',180.417,238.519,270.982,'2022-05-12',84568,5613209),(4271411,'https://picsum.photos/id/11/300/300',11,'Futuris est excepteur','822de429-6591-48af-b5f6-459b8ff91733','Sunt adipisicing anim tempor commodo nulla occaecat aliquip ipsum irure voluptate ad ipsum aliquip consectetur.',140.093,196.318,185.379,'2020-04-17',84225,9383159),(4306980,'https://picsum.photos/id/80/300/300',80,'Jimbies nisi elit','4428edef-1ae5-4863-ba1a-560dab5e90c6','Dolore id sit est ullamco pariatur.',182.967,251.54,273.632,'2020-03-17',88555,299775),(4348590,'https://picsum.photos/id/90/300/300',90,'Exerta non nisi','d82d20a8-ed57-47bb-b1db-9b10d2d77d5a','Aute tempor sunt deserunt sint sint sunt.',128.542,218.945,200.055,'2020-10-14',85402,7823167),(4369313,'https://picsum.photos/id/13/300/300',13,'Furnitech nisi et','f3889a54-2355-4d39-b967-75f011c1c7fc','Aliqua aute qui voluptate Lorem veniam do aliqua quis laborum consequat aliqua.',146.836,235.345,209.097,'2021-08-30',44661,3907240),(4377939,'https://picsum.photos/id/39/300/300',39,'Maximind adipisicing cillum','99366004-44cc-4e2f-ac39-0a61a32dbf14','Aliqua non eu aute amet veniam.',173.843,235.875,256.588,'2019-06-24',93915,6768275),(4464796,'https://picsum.photos/id/96/300/300',96,'Rockyard eu consectetur','7638618c-c288-4098-a085-ad997a2f58eb','Ipsum pariatur veniam Lorem Lorem irure ad qui cillum minim proident consectetur officia dolor velit.',109.935,250.578,211.965,'2019-12-14',33715,7019287),(4494483,'https://picsum.photos/id/83/300/300',83,'Quilch amet ut','b49ae8a3-d418-44df-9444-e6675c78ea15','Enim reprehenderit tempor Lorem dolor aute.',164.958,215.753,204.817,'2016-08-07',95745,270859),(4528248,'https://picsum.photos/id/48/300/300',48,'Senmao aliquip eiusmod','085dfc9c-34a9-4853-babd-f2ff6b9184d7','Veniam irure velit elit sunt in qui adipisicing mollit in adipisicing aliqua reprehenderit incididunt.',188.456,269.562,236.736,'2018-06-22',55646,3325183),(4562681,'https://picsum.photos/id/81/300/300',81,'Uplinx aliquip dolor','4f734089-2a40-470b-bb6b-84630de39a07','Culpa nostrud ex amet nisi nostrud occaecat ipsum.',166.554,271.34,223.99,'2018-01-22',60963,8441166),(4572067,'https://picsum.photos/id/67/300/300',67,'Oronoko ullamco ad','be501392-6671-44c3-bb8d-0a0aacbd7fa2','Reprehenderit ipsum reprehenderit fugiat et esse.',106.799,199.382,249.674,'2017-05-16',72118,3670197),(4587289,'https://picsum.photos/id/89/300/300',89,'Limozen est id','293467f5-f0a0-48b4-83e5-03ddec690e83','Et reprehenderit cillum sit eiusmod elit enim.',125.552,269.674,253.224,'2014-10-04',41896,9529147),(4654347,'https://picsum.photos/id/47/300/300',47,'Kidgrease aliquip enim','8d2dbbc9-2e7f-4bc8-a5ea-cd5c18ecd3e0','Laborum consectetur dolore minim deserunt reprehenderit tempor labore reprehenderit amet id ad.',118.628,257.841,220.857,'2014-05-26',68159,6305130),(4716494,'https://picsum.photos/id/94/300/300',94,'Cytrex consequat reprehenderit','b403e1c3-18ba-4b2a-95f4-3ad56f3dd11a','Lorem velit qui aute proident sint dolor qui eiusmod deserunt cupidatat elit voluptate consectetur.',107.173,267.86,253.189,'2015-07-22',84189,9627211),(4769550,'https://picsum.photos/id/50/300/300',50,'Qimonk occaecat sit','4368a009-2bfc-41c2-8361-937ac5b32622','Nostrud commodo ea velit labore cupidatat qui ea.',144.829,217.543,244.51,'2019-12-24',64966,9729120),(4805817,'https://picsum.photos/id/17/300/300',17,'Sunclipse ea occaecat','5edd40bd-d9bd-4d4b-8c31-8be3a4a16844','Nisi aute enim esse eu voluptate et.',166.521,249.291,260.829,'2015-04-09',79593,5868152),(4979038,'https://picsum.photos/id/38/300/300',38,'Opticon cillum excepteur','35bc313e-040a-4a00-8b86-5239f0c3752a','Sint do aliqua incididunt exercitation laboris velit magna irure.',126.74,247.594,187.432,'2020-09-14',39535,5610176),(5257458,'https://picsum.photos/id/58/300/300',58,'Exposa laboris laboris','ffe1d5ad-152a-4b61-8b8a-fa126cf70648','Deserunt duis cupidatat ipsum est incididunt velit mollit dolore quis ut ipsum ex.',132.543,254.842,272.324,'2019-09-09',40370,17383),(5305965,'https://picsum.photos/id/65/300/300',65,'Darwinium ipsum enim','ba685aee-14a8-48ee-8bef-4d4091f5881c','Incididunt incididunt ea minim deserunt ea.',147.491,270.864,200.483,'2016-09-12',81893,9130235),(5339777,'https://picsum.photos/id/77/300/300',77,'Digial incididunt ut','c05b724c-e375-4812-a0d4-70ddbc1d187e','Veniam anim nisi ea sit labore veniam elit ad reprehenderit et voluptate sit laboris.',122.957,253.795,237.264,'2021-02-14',50957,8702179),(5514812,'https://picsum.photos/id/12/300/300',12,'Zaya fugiat voluptate','474717c0-81e1-4152-9e57-eaafb3a4c503','Occaecat qui tempor fugiat anim in incididunt.',141.53,213.692,270.143,'2014-05-22',93528,6712143),(5852255,'https://picsum.photos/id/55/300/300',55,'Namegen cupidatat nisi','369319d8-f17e-47fa-a825-41eeb8ef0851','Culpa aute fugiat mollit commodo cillum occaecat labore anim pariatur anim tempor mollit.',181.273,199.431,242.727,'2019-03-29',25830,8468129),(5874886,'https://picsum.photos/id/86/300/300',86,'Interodeo deserunt qui','b639bf96-1aa3-4f51-866f-ec27da57de3c','Pariatur eu ullamco incididunt incididunt Lorem exercitation et est aliquip culpa.',163.093,270.659,265.538,'2014-02-03',99184,299775),(5958730,'https://picsum.photos/id/30/300/300',30,'Grainspot non incididunt','5bf72646-7d66-43e5-b51c-6c20ffef9b0c','Proident fugiat ut cupidatat deserunt irure pariatur culpa consequat tempor.',136.83,215.041,189.126,'2018-01-05',11263,980950),(6119573,'https://picsum.photos/id/73/300/300',73,'Bitrex ipsum et','1f5a8120-f59e-4da8-be2c-d1b04e7cad53','Voluptate labore mollit adipisicing exercitation fugiat esse ea.',94.4501,234.714,186.823,'2021-09-15',47433,4883203),(6217129,'https://picsum.photos/id/29/300/300',29,'Tribalog duis deserunt','4a55260b-dfc2-4460-99c8-78a3dc8247fa','Aliqua exercitation enim in id nisi sunt id magna.',124.629,217.406,194.931,'2017-07-22',45401,7063165),(6224184,'https://picsum.photos/id/84/300/300',84,'Roboid elit elit','e82a80c3-d2f6-4448-8128-ffe614a14b07','Proident dolor minim sit mollit proident deserunt.',170.45,208.497,232.048,'2019-05-31',50261,373534),(6349010,'https://picsum.photos/id/10/300/300',10,'Equitax qui tempor','f0cbd7ff-bbb1-4e2a-adf4-050ae8c9da0a','Culpa qui ullamco labore minim ipsum eiusmod excepteur aliqua.',131.529,268.059,252.858,'2017-07-24',22995,5046247),(6514015,'https://picsum.photos/id/15/300/300',15,'Isbol anim nulla','d4cdde40-d7e8-4455-86fd-57e2a14a2016','Est anim veniam reprehenderit in reprehenderit tempor.',161.247,184.433,238.421,'2014-04-24',37117,4023221),(6661140,'https://picsum.photos/id/40/300/300',40,'Extrawear reprehenderit laborum','833e11f0-2019-4042-a5ed-5f0a1b13070c','Duis consectetur non incididunt ut non quis consequat amet id Lorem consectetur eu.',115.23,247.852,219.072,'2022-05-09',77558,6377191),(6972891,'https://picsum.photos/id/91/300/300',91,'Norsul ea id','e75f788f-211a-4087-80d8-2350d183d41c','Quis ad laborum cupidatat excepteur sit non Lorem enim duis incididunt in.',143.662,275.892,247.856,'2017-02-17',22072,724455),(7002837,'https://picsum.photos/id/37/300/300',37,'Niquent officia officia','47700962-c2c1-40f9-b0b7-2c0dd67cc56a','Minim nisi commodo laboris culpa in aute.',184.65,235.606,191.462,'2016-06-08',46498,9390151),(7054692,'https://picsum.photos/id/92/300/300',92,'Poshome excepteur in','eae699ce-5ea1-4531-8e37-fa686056f583','Fugiat ut ullamco esse consectetur ex et veniam non in Lorem tempor nostrud reprehenderit voluptate.',96.5398,257.268,239.991,'2015-12-21',47312,4752228),(7063016,'https://picsum.photos/id/16/300/300',16,'Comveyer sunt anim','38bd6409-1602-42c0-8ce9-11cd326796f9','Ullamco fugiat ex Lorem velit ex reprehenderit dolor adipisicing cupidatat commodo ex.',149.78,274.107,267.945,'2017-07-19',63142,6158121),(7190479,'https://picsum.photos/id/79/300/300',79,'Zillatide nisi eu','4d40b618-309b-4d6c-b47d-e2bc3ad6d296','Anim et officia voluptate aliqua deserunt amet id dolor commodo Lorem.',166.222,219.17,190.796,'2017-07-16',19522,811076),(7278657,'https://picsum.photos/id/57/300/300',57,'Zomboid consequat velit','8eba8a7c-4863-451f-b8da-aa4a43ed44ab','Est sint aliqua ipsum cupidatat elit officia ut occaecat consectetur dolor minim.',117.296,225.478,241.545,'2022-07-04',15851,5776110),(7407774,'https://picsum.photos/id/74/300/300',74,'Calcula cillum nostrud','edb29f3a-250c-4e85-b1c7-f30a6a5aa473','Commodo in consectetur sint reprehenderit laboris eiusmod.',173.298,205.509,188.294,'2016-09-24',55119,771648),(7436471,'https://picsum.photos/id/71/300/300',71,'Apextri consectetur nisi','adcdd871-3f41-491b-b9e3-9c6422c006cb','Minim incididunt excepteur pariatur qui elit.',150.349,206.119,247.605,'2017-04-01',70503,7882284),(7683841,'https://picsum.photos/id/41/300/300',41,'Oatfarm reprehenderit id','8de328fc-7e14-475a-884d-8c69d70cdec6','Irure sunt minim ipsum culpa mollit.',181.582,184.028,180.111,'2019-06-20',34672,9729120),(7830436,'https://picsum.photos/id/36/300/300',36,'Centuria labore do','4d113786-ca54-425c-9547-30dc3b22d4a6','Dolor eiusmod eiusmod pariatur mollit eu.',159.516,252.91,263.689,'2018-04-10',64958,5801204),(7831298,'https://picsum.photos/id/98/300/300',98,'Xeronk enim esse','3b50b5c1-efd4-45f4-977d-0dd9ed30220e','Quis adipisicing do et duis duis nulla deserunt fugiat veniam ipsum voluptate ad anim.',135.329,181.444,242.056,'2021-05-27',40374,971364),(7847518,'https://picsum.photos/id/18/300/300',18,'Zillactic fugiat do','4ecb544b-08b9-4ca9-92b2-8d6409218e91','Proident et enim anim fugiat duis Lorem incididunt nisi consequat proident enim culpa nulla ullamco.',185.19,237.115,221.351,'2016-08-25',15987,323016),(7873122,'https://picsum.photos/id/22/300/300',22,'Nikuda enim incididunt','2001e111-c441-4ae8-a47c-2d0848737583','Aliquip aute sit sint consectetur qui ea ad aute.',141.622,239.335,230.994,'2017-01-12',45955,819171),(8002187,'https://picsum.photos/id/87/300/300',87,'Uncorp nisi enim','d083a5f1-41ff-4ec0-9fa9-aaf183b8adb6','In adipisicing magna aliquip esse ex incididunt velit occaecat exercitation aliquip dolore dolor aliqua.',150.809,250.815,225.65,'2015-08-28',39788,4092229),(8014126,'https://picsum.photos/id/26/300/300',26,'Phormula adipisicing occaecat','d41d2683-c662-4697-bb99-e239f72fb0b9','Ea Lorem ipsum et magna excepteur anim eiusmod nostrud nisi laboris incididunt.',124.329,243.986,259.001,'2017-10-04',35250,597125),(8171069,'https://picsum.photos/id/69/300/300',69,'Accidency ipsum exercitation','c492bfc1-54b2-414b-9b12-2ce9da30661c','Consequat mollit aliquip laborum ipsum consectetur sit cupidatat ullamco labore et ipsum.',134.547,242.122,199.246,'2015-08-25',81819,717751),(8209895,'https://picsum.photos/id/95/300/300',95,'Dogtown ad velit','11d62703-6ed3-4bf0-aa0d-ae0c1106ad80','Cupidatat proident excepteur commodo consequat ut voluptate mollit ad in culpa cupidatat nisi cillum officia.',128.863,238.739,193.38,'2014-02-11',32906,597125),(8284797,'https://picsum.photos/id/97/300/300',97,'Bullzone fugiat veniam','bc37fe89-72a0-49d4-a5e8-d8edf3ba3bc1','Voluptate aliqua et minim consequat.',175.627,259.681,232.608,'2014-12-05',39574,7749244),(8491668,'https://picsum.photos/id/68/300/300',68,'Songbird laborum laborum','ac09bebf-4b55-4887-9d2e-2bc40c8c3ec6','Sint proident ad sunt voluptate culpa magna do velit eu.',169.211,231.436,194.297,'2014-08-02',81411,87080),(8515675,'https://picsum.photos/id/75/300/300',75,'Olucore officia labore','a3eeb10e-92d1-49d2-8adf-10eef5467e7a','Ad in consequat aliquip minim elit fugiat incididunt.',137.503,225.578,192.729,'2019-02-08',50092,123758),(8540859,'https://picsum.photos/id/59/300/300',59,'Manufact laboris ipsum','a44ef8db-d64a-4081-b90b-949cfbd3bac9','Amet qui voluptate laborum sint incididunt esse nulla eiusmod ut voluptate officia est laborum.',114.246,262.104,269.106,'2021-12-24',88153,1028272),(8571072,'https://picsum.photos/id/72/300/300',72,'Assitia Lorem aliquip','435427eb-bd0b-4524-a039-ca9775b2ce4d','Ut esse laborum aute id do qui proident amet.',172.599,198.647,210.184,'2022-07-27',44837,327023),(8649034,'https://picsum.photos/id/34/300/300',34,'Zaj consequat reprehenderit','c5a6ba48-50fa-4c35-ac00-bf88711a9f9c','Est eiusmod ipsum do nulla adipisicing.',135.877,231.128,233.889,'2017-10-17',44030,327023),(8745331,'https://picsum.photos/id/31/300/300',31,'Emoltra consectetur adipisicing','3903b94e-0e5f-499a-b1c7-55a146391c94','Eiusmod minim velit laborum ad adipisicing labore et excepteur ullamco.',136.893,218.796,272.81,'2014-04-03',14706,9726261),(8901564,'https://picsum.photos/id/64/300/300',64,'Panzent duis amet','6a35a482-b8ac-4b84-9042-bf0499941956','Duis pariatur minim ut sint exercitation minim occaecat eiusmod ea et.',103.476,267.668,263,'2020-08-27',51007,3897210),(8917470,'https://picsum.photos/id/70/300/300',70,'Gallaxia id veniam','11767b19-1a2e-4227-8ae7-971024a0e2b9','Laboris occaecat ex cupidatat aliqua commodo adipisicing nulla.',105.663,230.514,203.186,'2018-11-22',30281,230052),(8930293,'https://picsum.photos/id/93/300/300',93,'Isosphere duis mollit','14e1d373-4cd1-45bc-b52c-72ddafb0790e','Minim incididunt minim nulla non dolor ex voluptate excepteur id.',109.02,236.018,209.103,'2018-02-07',41701,738382),(8935643,'https://picsum.photos/id/43/300/300',43,'Boilicon officia culpa','09a4c970-c94c-4686-9fe5-49f6f53f82c3','Est cillum nostrud magna nulla deserunt consequat adipisicing fugiat fugiat magna ex officia do ut.',137.489,276.353,270.65,'2014-05-14',61854,717751),(8943135,'https://picsum.photos/id/35/300/300',35,'Comverges excepteur reprehenderit','0b8abeca-c23a-4a8a-8149-75b9449a77c1','Ea aliquip duis eu cillum anim aliqua labore ut minim.',142.65,235.138,203.052,'2015-04-01',10997,4616276),(9528723,'https://picsum.photos/id/23/300/300',23,'Tetratrex enim anim','6d0427e4-1a6c-4697-b387-4fab646e7627','Non ad sit commodo aute exercitation laboris incididunt culpa duis ea non consequat exercitation.',108.244,266.339,248.545,'2016-07-30',75021,958332),(9652444,'https://picsum.photos/id/44/300/300',44,'Zentime elit cillum','010cc6b1-71e8-4709-b183-9b3dfa9f6f70','Amet sit magna dolor et dolore sunt.',174.811,250.781,235.823,'2016-09-04',12278,9336157),(9830433,'https://picsum.photos/id/33/300/300',33,'Mantro ad anim','8a61bbe1-5c54-489f-931f-64b64b12cde5','Quis ut id nostrud ea.',151.921,278.869,204.856,'2018-07-17',80730,4092229),(10025776,'https://picsum.photos/id/776/300/300',776,'Undertap laboris aliquip','b8b72fa7-7cf1-43aa-bf3d-f5a58c34e03e','Veniam do aute enim quis enim incididunt sunt aute duis dolore commodo.',95.3882,254.55,211.884,'2017-04-21',45076,330433),(10092691,'https://picsum.photos/id/691/300/300',691,'Goko cillum labore','8ec0eb65-9fdb-4277-a59b-1bb60a8b68b8','Nisi elit deserunt occaecat minim ex.',111.07,270.798,221.274,'2022-09-20',21752,3039138),(10343416,'https://picsum.photos/id/416/300/300',416,'Stucco occaecat ut','803a1034-c162-41db-9b79-3312e5a26079','Cupidatat voluptate consequat elit aliquip cillum Lorem reprehenderit non est in.',181.692,197.103,258.38,'2017-10-06',20657,323016),(10411114,'https://picsum.photos/id/114/300/300',114,'Suremax do aute','7fd7a796-d7c0-4a69-95ee-42924e574c81','Elit sunt ea fugiat ipsum id est consectetur.',110.621,204.561,187.407,'2014-03-22',18201,722384),(10461787,'https://picsum.photos/id/787/300/300',787,'Ronelon irure pariatur','4b0d3279-1a49-4054-a5f7-9ff069bf3f9a','Dolore do Lorem eu tempor ad et amet et exercitation cillum esse dolore exercitation est.',151.198,191.453,257.881,'2014-08-04',78411,263240),(10544945,'https://picsum.photos/id/945/300/300',945,'Exosis sint do','a39a64c8-d07f-4480-afda-a06badbb5b96','Ipsum eu anim Lorem deserunt ipsum culpa ad Lorem tempor ut dolor mollit ipsum.',158.728,246.784,228.251,'2014-10-24',84035,3206118),(10626679,'https://picsum.photos/id/679/300/300',679,'Affluex ad id','62a3b7aa-4a1d-480f-bde5-d423d678b140','Exercitation ullamco eu duis adipisicing adipisicing proident sint excepteur ad ad.',96.6598,209.134,253.645,'2014-02-25',45482,2739264),(10861102,'https://picsum.photos/id/102/300/300',102,'Netplax deserunt ipsum','45334e1f-8c8c-46ac-9ef6-b53bc26f5e96','Eu officia eiusmod fugiat consequat occaecat irure mollit velit.',91.6339,183.164,190.727,'2018-06-15',62119,5801204),(10908863,'https://picsum.photos/id/863/300/300',863,'Rameon mollit consectetur','bfd2ec94-1b2d-43b6-8292-8b0488ec86a6','Elit pariatur Lorem laboris consectetur veniam do Lorem ex.',175.6,247.566,264.245,'2019-08-29',74966,405767),(11072183,'https://picsum.photos/id/183/300/300',183,'Comtext officia sit','4f96ed9f-161c-48c7-8274-bf6a5ed48f8a','Nulla irure irure laborum fugiat commodo ad culpa qui.',162.502,236.45,191.033,'2020-10-07',63300,5868152),(11205388,'https://picsum.photos/id/388/300/300',388,'Geekwagon tempor labore','b36622e3-80e7-4bd5-a314-d11b95f6b29d','Ea laboris non do id velit nisi eu pariatur id mollit consequat est laborum ullamco.',157.303,266.607,218.946,'2014-11-26',17548,983035),(11401992,'https://picsum.photos/id/992/300/300',992,'Insource reprehenderit reprehenderit','5b895d78-c209-44db-a53e-da11ce9dd037','Officia id amet sint ullamco reprehenderit incididunt eu deserunt cillum adipisicing.',124.862,258.21,277.693,'2016-02-17',21883,4092229),(11416998,'https://picsum.photos/id/998/300/300',998,'Slax laboris dolor','93595d2d-86ab-4ea1-86c5-d6d749692f2f','In id pariatur mollit minim est eiusmod elit voluptate est mollit aute irure.',108.148,277.29,234.014,'2018-08-07',56566,394980),(11704382,'https://picsum.photos/id/382/300/300',382,'Namebox ex consectetur','13b4c6e2-a491-4e01-ba10-e4eaa1fa8950','Labore minim excepteur voluptate minim elit laborum et eiusmod laborum aliquip laborum nostrud Lorem.',176.752,204.956,270.331,'2022-05-26',30601,4921162),(11750831,'https://picsum.photos/id/831/300/300',831,'Coriander duis cupidatat','c42a5b37-4a26-4db4-9201-9f7bc467db7e','Excepteur consequat voluptate Lorem cupidatat officia qui cillum quis commodo aliqua veniam culpa.',105.792,246.977,182.632,'2014-11-10',40473,3823189),(11913302,'https://picsum.photos/id/302/300/300',302,'Savvy reprehenderit ea','f5610b0d-1bbc-4e0c-b493-13b8e0455ad7','Proident velit deserunt minim sit ipsum occaecat veniam dolor quis est.',95.4914,207.801,225.572,'2018-09-03',95061,5231190),(11987739,'https://picsum.photos/id/739/300/300',739,'Fuelworks anim sunt','9baa969a-f71f-49fb-be18-7b86e9eced5f','Proident laboris magna do ex dolore proident do et.',186.583,198.49,255.803,'2022-03-26',94760,8431245),(12006652,'https://picsum.photos/id/652/300/300',652,'Voipa pariatur cillum','319119bb-da52-4640-8b3c-3fe414309303','Enim commodo eu est dolor consequat occaecat.',116.778,263.435,260.69,'2019-05-11',75504,1880269),(12103147,'https://picsum.photos/id/147/300/300',147,'Everest excepteur laborum','9a5e37cd-0014-4bad-a9bc-9cc4ff20599c','Est labore excepteur magna anim.',179.291,193.937,250.254,'2022-09-06',67573,3792273),(12136186,'https://picsum.photos/id/186/300/300',186,'Cosmosis Lorem exercitation','fc3617cd-9079-4b8f-b622-fb453f93d7d4','Lorem magna culpa voluptate esse laboris.',181.04,188.27,253.184,'2019-01-23',64486,8702179),(12147886,'https://picsum.photos/id/886/300/300',886,'Ontality magna in','c959ddcc-99e8-433e-b972-a6df4ef69e12','Ullamco excepteur eiusmod mollit elit mollit sint eu dolor laborum.',134.51,238.61,206.981,'2020-01-14',19562,8053266),(12159531,'https://picsum.photos/id/531/300/300',531,'Zanymax id dolore','d74480d4-1359-4e20-8db0-a10ccb5c8524','Ea duis aute velit nulla occaecat voluptate dolore ea deserunt cillum sunt consectetur exercitation.',122.244,236.862,199.149,'2018-09-08',92989,6712143),(12418824,'https://picsum.photos/id/824/300/300',824,'Portica esse est','1af26b38-fa93-40de-a61a-2d22a88964da','Magna pariatur irure esse non voluptate veniam nostrud proident.',157.307,262.826,261.323,'2015-02-28',60187,15745),(12556936,'https://picsum.photos/id/936/300/300',936,'Maineland ea nostrud','d330af04-17e4-4576-9ad4-763ac63682d6','Culpa aliquip officia excepteur elit non cillum eu quis laborum labore cillum duis culpa.',140.511,195.313,206.831,'2019-12-25',12002,3792273),(12587280,'https://picsum.photos/id/280/300/300',280,'Combogene commodo amet','e86f3674-5258-4cc2-9f93-10e2eb5d0da7','Lorem elit veniam ullamco esse eu ipsum est aliqua sunt dolor.',118.482,261.853,214.501,'2018-12-27',16388,17383),(12611166,'https://picsum.photos/id/166/300/300',166,'Dognost eu duis','8d275699-324e-4c86-a932-b9f53ceece08','Occaecat dolor sit sit ad et sit ipsum cupidatat consequat dolor excepteur incididunt.',114.29,255.558,206.516,'2021-10-27',48396,5046247),(13192613,'https://picsum.photos/id/613/300/300',613,'Quarex ex esse','63f93c33-e2ee-4436-9891-a7f8071f74ff','Culpa aute minim aliqua voluptate aliqua Lorem ullamco eu fugiat dolor incididunt laborum deserunt est.',185.646,231.049,273.522,'2018-01-28',63904,3537174),(13341286,'https://picsum.photos/id/286/300/300',286,'Xurban do ut','a739337d-e540-4bb1-9a24-94779014f235','In cillum Lorem id minim proident ea eiusmod magna reprehenderit consequat sint.',180.924,256.736,207.573,'2017-01-10',38624,3614108),(13355711,'https://picsum.photos/id/711/300/300',711,'Digiprint est ullamco','17151f8b-27a7-4ca8-ae93-5e65e6c05b05','Proident reprehenderit sit adipisicing est ea irure consequat est ullamco.',146.916,180.23,231.755,'2018-11-03',75639,1880269),(13403810,'https://picsum.photos/id/810/300/300',810,'Cemention ipsum dolor','0b88bd95-c2ab-4054-b7f1-89f54d11af57','Eiusmod incididunt id exercitation ex adipisicing ipsum.',164.155,218.909,266.043,'2019-12-08',79692,6869184),(13548722,'https://picsum.photos/id/722/300/300',722,'Micronaut tempor aute','59a5b587-dd31-4c40-806f-87d9a057d062','Voluptate esse deserunt commodo incididunt deserunt proident exercitation consectetur dolore laboris deserunt consectetur.',179.308,278.665,190.594,'2017-07-21',41270,9337185),(13684753,'https://picsum.photos/id/753/300/300',753,'Cablam id est','77a2a946-26fe-409e-846c-d8f4af4907b1','Minim cillum ut sit sint ut ipsum ex aliqua nisi voluptate reprehenderit ipsum.',153.333,185.621,254.403,'2021-01-23',97476,484073),(13713858,'https://picsum.photos/id/858/300/300',858,'Blurrybus reprehenderit laboris','52a0aa35-051a-4254-8da3-78c7066e2698','Amet ullamco anim sit occaecat enim adipisicing Lorem qui eiusmod est.',129.443,198.358,211.284,'2018-03-08',65640,731896),(13813947,'https://picsum.photos/id/947/300/300',947,'Zytrac irure id','6b3f2d9c-6a51-458b-a969-ad4ab50bdd75','Deserunt sit enim enim est incididunt aliquip nostrud.',123.714,269.227,192.558,'2016-05-14',82989,5046247),(13973819,'https://picsum.photos/id/819/300/300',819,'Isoplex culpa nulla','54786ec3-9138-41c5-a398-2eb5446c59f8','Cillum ad aute sit excepteur magna ea occaecat reprehenderit laboris.',95.7388,195.814,255.992,'2016-05-09',57351,597125),(14089400,'https://picsum.photos/id/400/300/300',400,'Elita exercitation ipsum','2b32128e-78a6-475e-b9a8-d7b9160fd358','Deserunt fugiat duis fugiat veniam labore do incididunt magna occaecat.',127.047,242.402,257.011,'2021-07-27',20498,332968),(14090410,'https://picsum.photos/id/410/300/300',410,'Comcur duis deserunt','0af46bf8-d11e-469f-92f2-30aef2702cbc','Aute sint laboris cillum consequat.',158.658,195.372,207.387,'2017-05-30',94481,4354188),(14105710,'https://picsum.photos/id/710/300/300',710,'Unisure anim incididunt','d61a2e5d-a6ef-4ce9-b1e5-50c42ce64092','Sunt duis minim amet anim consectetur irure ex aute aliqua enim deserunt dolore eiusmod id.',103.906,217.081,197.216,'2014-07-15',88480,6471207),(14124385,'https://picsum.photos/id/385/300/300',385,'Franscene id ad','f7dc0c6f-af19-45d1-9b69-811bb3f83f1e','Reprehenderit est laborum id est cupidatat tempor adipisicing duis quis laboris qui.',187.725,244.092,199.269,'2014-01-23',27197,949526),(14160591,'https://picsum.photos/id/591/300/300',591,'Hopeli fugiat consectetur','5eebec30-e38f-448f-9f39-5afa3f7f3101','Et aliqua anim commodo excepteur ipsum proident deserunt aliquip minim ea deserunt.',143.574,198.863,235.477,'2020-08-30',19747,8688258),(14166906,'https://picsum.photos/id/906/300/300',906,'Podunk est amet','23e27d6d-6a53-4cd5-91ea-92bfcd5e7989','Occaecat proident duis laboris fugiat ex et commodo id reprehenderit laborum ea consectetur dolor.',127.657,222.822,228.94,'2020-01-04',13701,186398),(14202427,'https://picsum.photos/id/427/300/300',427,'Geekmosis sint pariatur','ddaad66f-77a3-407e-9c57-266ee2a9525e','Ea mollit id aute in consequat aute consectetur officia labore sit cillum excepteur in.',92.6197,251.213,198.591,'2020-08-17',16246,901379),(14221755,'https://picsum.photos/id/755/300/300',755,'Nurplex esse nisi','2dbdb81a-a94e-4cef-848e-5bdc44e8f4b9','Lorem qui velit ut nostrud exercitation veniam sit aliqua commodo ullamco eiusmod.',120.636,247.832,254.578,'2021-07-26',67780,8341233),(14252925,'https://picsum.photos/id/925/300/300',925,'Zaphire occaecat excepteur','34175d89-ebc9-4ebf-a2f5-8a4cc6b09427','Do incididunt incididunt ullamco sint consequat qui occaecat ipsum.',117.828,221.432,225.795,'2021-12-31',30839,713053),(14394287,'https://picsum.photos/id/287/300/300',287,'Ewaves cupidatat consequat','a462069e-7b9f-417f-b803-9f99ae51e552','Nostrud sunt in commodo excepteur eu esse cillum.',186.175,268.796,264.664,'2018-04-18',31866,3901117),(14413614,'https://picsum.photos/id/614/300/300',614,'Bostonic excepteur labore','e3e69be6-e470-411c-9852-a2880f9ce0c3','Ea laborum excepteur eiusmod fugiat proident amet cillum eiusmod non cupidatat exercitation sunt magna.',161.123,223.869,223.02,'2015-01-28',42760,389281),(14459550,'https://picsum.photos/id/550/300/300',550,'Zuvy nisi anim','f5132e6d-ce1f-4ce7-bc3a-85b75c1ee383','In laboris esse veniam mollit dolore officia magna anim.',99.3343,220.271,229.27,'2020-10-21',73083,3901117),(14520167,'https://picsum.photos/id/167/300/300',167,'Dancerity sit ullamco','8ee5444c-be3a-4aed-b6ac-eaf9553cf2d7','Culpa et est ad eu adipisicing reprehenderit ipsum quis adipisicing laborum duis.',185.136,268.049,256.481,'2018-02-13',94872,5610176),(14584821,'https://picsum.photos/id/821/300/300',821,'Senmei labore eiusmod','1350ee1a-b04f-4953-879d-ed5346a5f5d0','Fugiat qui in ut laborum culpa.',139.157,230.789,195.617,'2016-08-11',44904,3901117),(14586912,'https://picsum.photos/id/912/300/300',912,'Prosure ea est','27cd9868-a8cc-4ebd-9e15-06f1fd0da7ef','Ipsum sunt tempor et ex id ad tempor proident laborum.',126.257,185.056,203.03,'2019-03-05',96114,4128150),(14627466,'https://picsum.photos/id/466/300/300',466,'Electonic excepteur proident','8cf9b644-dbf3-46d9-96c6-66906b126321','Exercitation sint nisi sint incididunt labore in tempor.',187.481,196.995,219.115,'2018-02-13',39459,6590146),(14740622,'https://picsum.photos/id/622/300/300',622,'Aquasure do aliquip','bc6a0f74-2b3a-4964-84c5-9a3d36d88a67','Fugiat Lorem commodo voluptate dolor ullamco elit esse sunt aliquip commodo amet duis dolore.',130.454,270.082,220.02,'2019-11-29',80213,8456267),(14792458,'https://picsum.photos/id/458/300/300',458,'Fortean consequat esse','61a31bf0-e8c2-4cbb-986b-0b3da447df2a','Consequat aliqua ex ex et.',179.658,180.692,263.569,'2014-04-19',69491,7749244),(14803848,'https://picsum.photos/id/848/300/300',848,'Baluba et proident','fa8c1232-cbb9-4465-95ba-46490d67c0ee','Reprehenderit dolor anim ea veniam Lorem excepteur amet.',102.416,225.205,229.488,'2015-04-23',11709,946799),(14843300,'https://picsum.photos/id/300/300/300',300,'Buzzopia consequat commodo','18a0764e-b61e-491b-a80a-242da455ca02','Nisi ut incididunt non fugiat exercitation ullamco Lorem cupidatat aliquip Lorem nostrud cupidatat ea.',102.241,197.082,253.344,'2020-10-24',54547,6158121),(14953938,'https://picsum.photos/id/938/300/300',938,'Musanpoly magna aliqua','af6f70bc-17f5-4abe-877c-ac21a8ec1c1f','Deserunt sint labore eu elit non ut elit exercitation adipisicing laborum quis.',115.624,210.625,250.361,'2022-07-20',80451,5685292),(14989617,'https://picsum.photos/id/617/300/300',617,'Nixelt et elit','9d96b44c-563d-4aab-bab6-a6a92696d801','Cupidatat aliqua cillum consequat laboris in cillum ad ullamco sit mollit do enim.',156.655,207.488,252.503,'2019-01-05',51015,832692),(15044430,'https://picsum.photos/id/430/300/300',430,'Earthmark occaecat amet','238d9c17-6103-48cb-8562-477d97b7ac6a','Eiusmod est fugiat eu ad ex amet cillum.',106.49,241.106,256.806,'2016-04-06',41427,933730),(15064297,'https://picsum.photos/id/297/300/300',297,'Earthpure commodo qui','bed46080-8ed6-4eba-99d8-e25d103a3ced','Officia irure nostrud nostrud ex sit quis sunt et eiusmod irure consequat duis incididunt amet.',153.818,212.615,194.82,'2015-05-23',44713,123758),(15143156,'https://picsum.photos/id/156/300/300',156,'Helixo quis culpa','664c9333-900f-400c-b814-7e3d2c700ab0','Eu cupidatat quis irure reprehenderit ipsum cillum dolore.',134.549,192.458,246.922,'2014-02-17',96536,1685270),(15451545,'https://picsum.photos/id/545/300/300',545,'Exoplode duis ad','658582dc-a836-4c88-bbb6-776baf60ce00','Consectetur officia occaecat do fugiat do consequat est ut veniam.',113.698,261.83,190.154,'2018-08-11',73407,5046247),(15457521,'https://picsum.photos/id/521/300/300',521,'Memora ullamco enim','9dd186a4-91e7-4fa6-aba1-784fdf2d5c9a','Id sit occaecat ullamco voluptate nisi incididunt nostrud Lorem sit irure laborum velit.',102.081,242.448,259.119,'2014-01-31',14098,7823167),(15623833,'https://picsum.photos/id/833/300/300',833,'Greeker enim velit','a16e91a1-921b-499d-96b9-5bc39a1dbe5d','Consectetur officia laboris veniam commodo velit minim qui esse eiusmod irure.',128.594,257.427,254.012,'2020-11-05',38356,828639),(15624256,'https://picsum.photos/id/256/300/300',256,'Bluplanet laborum officia','0ad40281-16ae-4813-9d79-2d6f87dd7f7e','Dolore aute elit anim consectetur enim.',135.398,251.143,227.444,'2014-06-07',69403,9411237),(15715130,'https://picsum.photos/id/130/300/300',130,'Isologics elit qui','09b3f52e-cbec-4bda-b87a-9cf41f249a48','Cillum fugiat sit qui sint.',153.583,241.03,245.013,'2017-10-29',14683,7882284),(16131341,'https://picsum.photos/id/341/300/300',341,'Synkgen proident in','0af25c3d-628a-4736-ad5b-fb1da713d3f9','Sint excepteur voluptate laboris minim dolore labore ullamco nisi tempor non nisi quis in duis.',109.235,190.762,219.722,'2018-07-18',38039,7019287),(16219481,'https://picsum.photos/id/481/300/300',481,'Elemantra veniam exercitation','bcb1cb47-8e3b-4bfc-9fed-4616971fab7e','Mollit consectetur laboris consequat veniam.',150.186,194.616,273.89,'2017-04-27',56122,7882284),(16288559,'https://picsum.photos/id/559/300/300',559,'Quility esse pariatur','fafe9106-9ccc-4a42-ad10-58fdb0b52489','Officia dolore ut cupidatat tempor qui est qui culpa duis duis nisi adipisicing.',174.752,272.694,237.629,'2021-03-11',34129,327869),(16406192,'https://picsum.photos/id/192/300/300',192,'Springbee aute aliqua','57d035de-20ed-4048-95d6-71dc8a32fa53','Non eu excepteur adipisicing culpa enim.',141.024,183.445,245.314,'2014-10-19',76447,6158121),(16432870,'https://picsum.photos/id/870/300/300',870,'Arctiq culpa non','7d04dc18-0b5c-493b-ac1a-c2d9318663eb','In magna irure fugiat eiusmod nisi excepteur incididunt consectetur ea Lorem.',152.973,221.929,219.278,'2014-05-28',82845,3943222),(16548435,'https://picsum.photos/id/435/300/300',435,'Comvoy excepteur culpa','51b3557d-ba4b-43f9-9d0d-2cb27d8d8c8b','Ipsum nulla proident proident id.',153.293,190.091,199.291,'2019-09-16',86632,935311),(16567235,'https://picsum.photos/id/235/300/300',235,'Twiist laboris non','a78358d5-f357-495a-9d08-79251810e2b4','Ea sit velit incididunt amet nulla eiusmod incididunt dolor labore veniam dolor exercitation Lorem.',159.027,204.039,267.281,'2017-12-14',38896,4128150),(16733663,'https://picsum.photos/id/663/300/300',663,'Stralum amet pariatur','5d964deb-1157-4deb-ac7d-2da1b06686da','Dolor nisi minim magna anim ullamco excepteur dolore.',153.865,197.833,200.918,'2014-01-16',99155,870849),(16844474,'https://picsum.photos/id/474/300/300',474,'Aquacine exercitation quis','dd152774-893d-41ae-adaf-9b8cf74c783c','Nisi id quis aute culpa mollit.',171.665,221.237,233.645,'2020-12-06',67068,1505230),(17063954,'https://picsum.photos/id/954/300/300',954,'Nspire amet excepteur','d8aeee81-518f-40a6-923d-16dc61505e40','Quis esse ipsum reprehenderit minim excepteur amet nostrud anim.',141.987,250.398,255.903,'2015-06-24',65037,2036137),(17566976,'https://picsum.photos/id/976/300/300',976,'Tubalum reprehenderit officia','52c3e969-97a4-4b8d-bf00-48b9e3f92d8b','Reprehenderit voluptate ut ad adipisicing cupidatat aliqua consectetur ex sint nostrud.',153.013,183.812,273.899,'2017-10-22',59447,359043),(17641623,'https://picsum.photos/id/623/300/300',623,'Genmy incididunt dolore','a3914c97-c4ff-4097-9325-9fb8cf234dea','Pariatur duis aliqua amet tempor esse dolor eiusmod enim nisi ad.',118.129,188.222,215.563,'2016-11-05',38270,467829),(17870789,'https://picsum.photos/id/789/300/300',789,'Zensure excepteur Lorem','5fee57a0-1053-475d-bf56-61f92a337466','Laboris eiusmod eiusmod mollit nulla.',128.155,215.975,257.231,'2022-07-29',75688,7947251),(17989816,'https://picsum.photos/id/816/300/300',816,'Emergent incididunt culpa','61120850-aaea-45ee-87ce-5ff36ae60a2c','Laboris id non sint voluptate esse cillum reprehenderit Lorem sit ex voluptate incididunt ad nisi.',114.333,272.253,230.89,'2019-03-31',36094,8021193),(18230624,'https://picsum.photos/id/624/300/300',624,'Ultrimax fugiat aliqua','e8ee7cd2-28b3-4d5f-a0f7-aec3a000d609','Cupidatat adipisicing ex amet enim consequat consequat.',160.069,197.007,246.864,'2014-07-16',42259,3943222),(18235541,'https://picsum.photos/id/541/300/300',541,'Nitracyr proident dolor','60a31aee-633c-489e-88d6-1368f810b0ad','Adipisicing incididunt amet ea aliqua aliqua ullamco non elit.',139.266,230.164,235.627,'2015-03-29',38668,2036137),(18313741,'https://picsum.photos/id/741/300/300',741,'Konnect ipsum proident','58a5b2cf-b11c-4333-849b-b9d62e1a9d63','Sint excepteur nostrud commodo ex eiusmod ullamco eiusmod cupidatat amet nostrud mollit labore ut.',136.543,213.094,250.073,'2014-07-10',57619,1212106),(18374391,'https://picsum.photos/id/391/300/300',391,'Ezentia irure cillum','95353181-28a0-4710-9e97-d696e6dd3b8c','Aute tempor deserunt sit fugiat esse dolore.',126.228,264.276,205.001,'2016-04-05',69561,5801204),(18514759,'https://picsum.photos/id/759/300/300',759,'Jumpstack duis deserunt','e7089c1e-950d-41c1-8785-21d2c0107750','Magna in adipisicing Lorem dolor et sunt ut.',163.543,264.854,222.947,'2015-10-17',56549,2310180),(18558546,'https://picsum.photos/id/546/300/300',546,'Xyqag deserunt cillum','d5b85a77-d5d1-46b7-8db7-da3471ce19ab','Reprehenderit in velit est ut aliqua sunt est eu deserunt anim do.',144.581,240.432,248.262,'2021-06-04',54336,13138),(18579820,'https://picsum.photos/id/820/300/300',820,'Ecstasia ad cupidatat','1e6c794c-e251-46a0-9cf9-a4865b75cd5e','Ullamco qui Lorem Lorem non consequat aute nulla dolore ad anim irure eiusmod.',111.056,255.16,223.175,'2016-10-13',51651,6984282),(18703919,'https://picsum.photos/id/919/300/300',919,'Spacewax elit cupidatat','8ed6eac0-9fd5-400b-92fb-5e1c3f09da82','Laboris commodo qui aliqua et minim voluptate velit ipsum cillum culpa dolore consectetur Lorem.',114.712,215.801,222.657,'2016-11-20',18366,9392148),(18775309,'https://picsum.photos/id/309/300/300',309,'Snacktion in consequat','48fb32c2-7646-427e-941e-636a39a3ce64','Deserunt anim fugiat id eu.',147.947,193.951,198.075,'2017-09-11',88849,394980),(18778631,'https://picsum.photos/id/631/300/300',631,'Protodyne voluptate exercitation','0876a562-f911-4688-bfde-92febe142330','Voluptate veniam do enim qui ullamco do proident ad cupidatat aliquip.',188.828,270.896,182.245,'2019-07-12',84349,9450145),(19059856,'https://picsum.photos/id/856/300/300',856,'Corecom sint ullamco','b06ff884-e109-4816-9a8e-83bc15fff017','Ex enim aliquip minim aute esse velit culpa reprehenderit proident et aliqua.',106.452,184.227,232.122,'2020-01-05',40691,7340214),(19207970,'https://picsum.photos/id/970/300/300',970,'Equicom eu eu','878bba32-4d26-4e8f-a8f1-43cc8513c134','Mollit sunt ea exercitation sit tempor amet eu cupidatat aliqua quis mollit laborum excepteur eu.',94.7081,194.294,188.685,'2017-08-10',61107,5231190),(19466334,'https://picsum.photos/id/334/300/300',334,'Zaggles velit nostrud','913e4b66-685b-44b9-8c2e-8ea9efab1634','Nisi laboris quis qui sint cillum veniam dolor.',127.413,258.426,183.606,'2021-09-23',19338,5231190),(19550983,'https://picsum.photos/id/983/300/300',983,'Entality irure enim','729df0d4-d7fb-4e7c-ab4a-14035fa669c5','Quis ex ex exercitation elit occaecat proident reprehenderit anim ullamco fugiat.',151.663,271.65,271.977,'2014-06-05',46419,3614108),(19778701,'https://picsum.photos/id/701/300/300',701,'Tingles voluptate dolore','1ba3a0e4-c193-48b8-8d41-11fd17b76ee8','Proident elit sit in laboris enim ut adipisicing ullamco ex id voluptate sit cupidatat excepteur.',152.033,234.382,215.985,'2017-09-03',12672,2063297),(19818650,'https://picsum.photos/id/650/300/300',650,'Zolarity excepteur do','3125595b-3c5b-4ccc-a8be-cd90448d75cb','Aliqua commodo exercitation Lorem dolore consequat fugiat irure dolor commodo ad fugiat.',97.1086,210.261,275.974,'2017-09-24',35930,3614108),(20011736,'https://picsum.photos/id/736/300/300',736,'Keeg deserunt culpa','c1afcd75-0da6-4b3a-9c28-9a7a64cc3e66','Labore occaecat pariatur pariatur cillum quis proident et officia occaecat exercitation laboris.',161.509,246.762,251.16,'2018-05-10',59223,466027),(20052505,'https://picsum.photos/id/505/300/300',505,'Steeltab laborum aute','0c45cbef-e01f-4949-81e9-d77111834293','Ex adipisicing veniam Lorem aliqua.',165.456,199.781,180.308,'2014-02-14',11730,3362290),(20234307,'https://picsum.photos/id/307/300/300',307,'Wrapture deserunt reprehenderit','8ccf573e-2fc1-40d5-a805-bff4142c9175','Adipisicing laborum labore sint deserunt elit reprehenderit.',182.285,229.577,201.5,'2018-11-13',68977,596418),(20291438,'https://picsum.photos/id/438/300/300',438,'Kaggle sint labore','c22deccb-8ee5-4e89-b891-604e489c5274','Occaecat et culpa non fugiat amet cupidatat est consequat duis deserunt minim aute velit dolore.',156.173,278.695,231.199,'2015-01-17',17338,713053),(20374725,'https://picsum.photos/id/725/300/300',725,'Otherway anim reprehenderit','4ea37662-fe75-4fee-b340-55b75b8522c0','Proident sunt cillum excepteur excepteur irure dolor ex veniam ut occaecat irure minim adipisicing excepteur.',94.6353,225.8,187.041,'2014-11-11',69424,87080),(20405841,'https://picsum.photos/id/841/300/300',841,'Qualitex in do','ab2feb14-eb3f-4c65-afca-fb3889dda92c','Officia ea voluptate labore sit anim cillum magna reprehenderit do excepteur irure exercitation.',94.1055,244.757,185.808,'2022-08-28',10367,3430136),(20449335,'https://picsum.photos/id/335/300/300',335,'Polarium aute cupidatat','65d13e0b-ca2b-4e97-90a1-785dc9c8af7e','Non amet irure qui quis exercitation.',113.599,234.419,275.336,'2014-04-16',32545,5754105),(20452628,'https://picsum.photos/id/628/300/300',628,'Beadzza dolor velit','d57d10c6-161b-4021-be75-f95541182400','Amet magna pariatur sit eu.',135.216,182.57,188.377,'2015-09-17',69679,9328109),(20688501,'https://picsum.photos/id/501/300/300',501,'Injoy mollit incididunt','8cd0dbfd-93bd-4043-8646-1ba845271eca','Minim duis ea occaecat enim labore amet non ullamco nulla.',188.302,253.42,272.172,'2016-04-28',86428,4933156),(20760790,'https://picsum.photos/id/790/300/300',790,'Polaria pariatur enim','b2632846-35ec-4736-9dad-c2c1bfab36d2','Proident dolore Lorem duis exercitation aliquip incididunt incididunt deserunt anim fugiat minim.',137.908,254.119,185.689,'2019-07-18',95692,5461171),(20764273,'https://picsum.photos/id/273/300/300',273,'Sarasonic exercitation adipisicing','e2b77549-108a-4d34-8b1a-bd3ebe59fce2','Deserunt esse culpa velit quis ipsum sint laboris ut.',160.449,219.575,271.488,'2019-10-08',62290,13138),(20850888,'https://picsum.photos/id/888/300/300',888,'Corporana eiusmod cupidatat','cea415a3-4aaa-4ced-aa17-9c86c6eff071','Elit labore non dolor commodo dolor duis tempor velit elit amet esse.',169.378,192.264,254.507,'2021-12-17',86402,3073298),(20915355,'https://picsum.photos/id/355/300/300',355,'Terascape deserunt est','00e9e496-26bd-4588-96d2-9bbfbf58092e','Ad nulla ad laboris velit culpa ullamco eu ad dolor et fugiat.',137.197,224.616,258.18,'2018-09-17',58230,7100144),(21010206,'https://picsum.photos/id/206/300/300',206,'Avenetro in exercitation','fba9d577-b039-45e5-bcff-f0c3fa81ad4f','Magna nulla ut voluptate ullamco in proident ipsum eu ea dolor.',134.684,214.53,255.355,'2014-02-09',34146,3073298),(21078993,'https://picsum.photos/id/993/300/300',993,'Neptide laborum fugiat','8bf32a74-1dff-4c63-b776-81adb2ae6310','Sit proident aliquip qui ea laboris cupidatat.',120.133,261.529,270.869,'2019-11-30',25203,493270),(21102847,'https://picsum.photos/id/847/300/300',847,'Orbaxter do proident','aefa1d46-a01c-4bc6-ac70-db1d2d03edec','Aute incididunt non anim cillum consequat reprehenderit.',110.809,216.326,224.126,'2019-07-06',61996,5832241),(21118835,'https://picsum.photos/id/835/300/300',835,'Elpro officia cupidatat','36c8664c-a2a9-4d85-879d-4c1d0fa9b952','Incididunt excepteur proident sit voluptate cupidatat dolore aliqua esse.',103.731,265.611,195.353,'2016-09-08',70576,2493231),(21217472,'https://picsum.photos/id/472/300/300',472,'Qualitern quis laboris','082f40d0-389b-48e9-8250-5923b7dd7279','Pariatur mollit consequat exercitation cupidatat aute aute ea.',160.448,245.766,272.996,'2015-12-09',69982,87080),(21287967,'https://picsum.photos/id/967/300/300',967,'Visualix ad labore','b1f7e9d0-64f7-44f7-a7cf-62b9e9c45deb','Laborum pariatur mollit commodo amet velit.',93.7581,208.921,261.682,'2016-09-18',64564,394980),(21382244,'https://picsum.photos/id/244/300/300',244,'Opticall cillum dolore','7cc29977-360c-4d63-9267-a0df56f24c92','Voluptate elit irure cupidatat tempor duis dolore amet veniam reprehenderit voluptate.',172.519,255.986,241.309,'2015-01-27',79794,8437265),(21454871,'https://picsum.photos/id/871/300/300',871,'Playce cillum id','abdc8416-6060-4ad6-86c7-a44e8a3c4bba','Do aliqua deserunt nisi adipisicing anim sit id excepteur eiusmod do aute mollit consequat ullamco.',122.17,223.297,191.863,'2014-07-16',54880,596418),(21523194,'https://picsum.photos/id/194/300/300',194,'Yogasm cupidatat pariatur','4dbd60c2-8f66-48cb-9693-0f99ebd5e55c','Id enim aliqua cillum et fugiat commodo laborum.',122.058,190.161,273.496,'2018-01-11',13264,8468129),(21555146,'https://picsum.photos/id/146/300/300',146,'Interloo nostrud sit','b1b83be7-2676-490f-8c34-49b3b08a7ea7','Enim ex consectetur occaecat eiusmod minim cillum officia cupidatat.',165.557,275.326,258.388,'2014-12-24',41178,6835216),(21595618,'https://picsum.photos/id/618/300/300',618,'Quiltigen laboris eiusmod','65ab2c82-3189-4eaf-a19d-f61a4ce294d0','Amet cupidatat mollit non anim minim est incididunt eu labore.',178.784,184.322,211.374,'2016-04-02',43326,3523127),(21771944,'https://picsum.photos/id/944/300/300',944,'Artiq aliquip aliqua','244693f0-796e-4e70-8607-08096e8fe105','Aute proident commodo esse cillum velit excepteur qui.',170.104,241.763,186.975,'2020-10-11',14630,499345),(21779604,'https://picsum.photos/id/604/300/300',604,'Aquamate exercitation amet','38b6f9cd-da16-40c3-9e77-1027443bc103','Occaecat mollit exercitation ipsum enim quis pariatur duis labore enim nostrud.',177.491,255.551,226.511,'2020-06-05',10136,7210139),(21801924,'https://picsum.photos/id/924/300/300',924,'Datagen esse ipsum','2058f082-0fb2-4b2f-a1cc-1f11b4332057','Commodo officia ex aliqua ullamco anim quis ex in id Lorem laborum.',134.629,207.575,259.834,'2021-03-02',86340,8115135),(21941478,'https://picsum.photos/id/478/300/300',478,'Iplax ut eu','f6cc4d8b-53fc-42ab-a1dd-375eb8156615','Ipsum excepteur consequat aliqua et culpa eiusmod fugiat incididunt nisi ex.',111.966,206.992,262.739,'2015-06-23',37157,6305130),(22297357,'https://picsum.photos/id/357/300/300',357,'Rockabye occaecat laborum','126104ed-19c5-40e8-bfe6-9e3f737052a1','Eu ad labore magna fugiat eu incididunt in excepteur labore aliquip exercitation.',101.847,200.141,228.586,'2021-04-18',22405,5801204),(22424633,'https://picsum.photos/id/633/300/300',633,'Grupoli voluptate esse','a5c626f6-4f9a-497d-b424-48ce5cf8b735','Ea cillum duis officia et.',152.685,184.497,227.214,'2017-03-31',56998,101838),(22443619,'https://picsum.photos/id/619/300/300',619,'Dadabase labore elit','3d5cdc78-494d-4d71-9579-03c17bcba387','Ad fugiat aute esse anim dolor ad pariatur sunt magna reprehenderit.',151.399,201.292,237.601,'2016-01-19',24776,2790134),(22570654,'https://picsum.photos/id/654/300/300',654,'Webiotic cupidatat tempor','2851e74b-0d1b-4afb-9556-6cbc0ead78e3','Ex proident ea in adipisicing ex cupidatat adipisicing laboris et id sit ullamco est ipsum.',139.804,257.798,202.192,'2021-01-21',49585,235715),(22593918,'https://picsum.photos/id/918/300/300',918,'Comvex amet velit','b57832e0-61ef-457a-8807-a956a1f790a8','Enim ut sunt anim ipsum in anim tempor aliquip enim est ullamco consequat qui.',98.7006,277.96,265.635,'2014-11-24',14188,9934289),(22651215,'https://picsum.photos/id/215/300/300',215,'Snips proident cillum','0964f916-7ca5-435a-962e-e87348c263a1','Reprehenderit proident nulla qui enim esse consectetur ullamco adipisicing anim excepteur consequat aute enim sint.',101.507,186.148,220.195,'2016-09-18',12854,3073298),(22730904,'https://picsum.photos/id/904/300/300',904,'Nutralab sit cupidatat','0f6ce46f-a90c-48b4-9dde-6e0c6073866f','Irure aliquip aliquip non pariatur.',133.138,206.405,200.597,'2017-02-23',17634,4616276),(22798423,'https://picsum.photos/id/423/300/300',423,'Eplode occaecat irure','4be31854-9da2-4554-b500-6100b6cb6815','Non amet non anim deserunt commodo.',163.962,226.975,233.804,'2019-06-18',73316,4921162),(22872590,'https://picsum.photos/id/590/300/300',590,'Suretech ex do','3d7ea679-ef70-4274-a58b-8fca215d2499','Cillum ex adipisicing sunt dolore ea eu ipsum nulla pariatur tempor.',142.792,269.561,269.046,'2021-05-17',95676,246887),(22891549,'https://picsum.photos/id/549/300/300',549,'Talkalot nulla esse','25a72e72-039c-4590-ab1c-e094ad8f3c98','Velit cillum ex Lorem sunt ullamco mollit enim fugiat nisi incididunt.',165.273,251.545,266.111,'2020-09-18',22201,359043),(22954170,'https://picsum.photos/id/170/300/300',170,'Eternis qui ea','81a16ee9-01da-4f41-aae2-4d7ec61cd161','Dolor deserunt ad Lorem enim occaecat incididunt cupidatat.',98.8652,274.5,220.961,'2014-11-09',16856,3266115),(22966757,'https://picsum.photos/id/757/300/300',757,'Pasturia nulla pariatur','4a98a978-bf50-49db-9114-37f1ee3cb664','Culpa ullamco sit mollit pariatur fugiat veniam nostrud ex deserunt id non velit consectetur ex.',108.03,274.214,262.997,'2017-02-14',59094,1406215),(22998625,'https://picsum.photos/id/625/300/300',625,'Orbalix dolore exercitation','42e669df-9a5c-4d00-868a-f20a39c18bb0','Esse enim eu elit ad anim nostrud eiusmod ut adipisicing ex occaecat.',183.871,218.908,236.845,'2015-09-10',28788,3408288),(23023530,'https://picsum.photos/id/530/300/300',530,'Kneedles minim minim','bf367ba0-8701-4535-979d-c468901bb325','Cupidatat magna dolor enim adipisicing quis consequat.',164.77,202.031,201.048,'2016-11-18',18102,3897210),(23127182,'https://picsum.photos/id/182/300/300',182,'Realysis elit consectetur','7eca8a0e-a3fd-412a-88b2-f881969e88fb','Adipisicing eu officia incididunt pariatur consequat aliquip.',130.628,251.645,215.173,'2017-01-18',40174,246887),(23342568,'https://picsum.photos/id/568/300/300',568,'Magmina occaecat quis','86cd053a-55cd-4bef-91df-3b0cce76287c','Elit irure non ad consequat.',137.508,220.547,208.638,'2014-07-15',37858,20879),(23352137,'https://picsum.photos/id/137/300/300',137,'Animalia duis reprehenderit','51e18643-5ba6-45c1-a224-45b36b7cdf50','Laborum amet officia dolor proident ad qui dolor et reprehenderit duis.',155.377,202.297,264.011,'2021-03-03',50285,901037),(23423389,'https://picsum.photos/id/389/300/300',389,'Zytrek reprehenderit elit','340216e8-6fdb-41e7-bf0d-b585e0b34048','Officia ipsum commodo dolor eiusmod labore enim nisi exercitation labore aute fugiat anim cupidatat ullamco.',168.133,232.238,225.789,'2017-12-26',49291,4752228),(23626201,'https://picsum.photos/id/201/300/300',201,'Ecolight amet voluptate','7a41c2d4-363b-4140-ae4c-7a6e76ae5d15','Et deserunt laboris ea anim consectetur ad do et adipisicing.',115.038,213.459,223.873,'2022-10-27',37742,299775),(23797380,'https://picsum.photos/id/380/300/300',380,'Cipromox pariatur et','07eb7ccb-052f-4887-8aef-fc4e41cf2bb6','Minim culpa eu magna mollit minim nisi ea dolore eu commodo veniam.',170.552,231.813,241.541,'2017-05-20',83933,2605238),(23881942,'https://picsum.photos/id/942/300/300',942,'Evidends adipisicing qui','a758684a-8441-4ba2-b78c-b2eaed86cc22','Officia cupidatat laborum ut anim voluptate eiusmod id ut pariatur sint officia veniam.',183.518,185.388,227.188,'2022-05-08',44194,20786),(23895169,'https://picsum.photos/id/169/300/300',169,'Renovize cillum dolore','c151bad5-1630-43a5-b727-cece99363e01','Laborum est in anim tempor veniam sint eu qui sit Lorem.',99.1143,272.535,255.973,'2021-12-11',42469,426477),(24012857,'https://picsum.photos/id/857/300/300',857,'Gonkle est ut','4542ae91-c902-42d7-b5fb-842d52a377e1','Ullamco elit deserunt exercitation excepteur.',189.616,268.271,215.186,'2018-07-31',77616,359790),(24032859,'https://picsum.photos/id/859/300/300',859,'Lotron ea incididunt','b9098b56-6d4d-45d8-a25f-971291a6b78b','Enim aute velit sit aliquip fugiat officia incididunt.',91.3437,227.561,262.726,'2018-03-22',94246,9130235),(24061488,'https://picsum.photos/id/488/300/300',488,'Vertide deserunt nisi','f90f69de-0c7d-4a5a-ad75-c8903838123d','Ea mollit do dolor exercitation do.',126.69,230.336,184.339,'2017-06-30',63600,8115135),(24516359,'https://picsum.photos/id/359/300/300',359,'Comtours quis ullamco','8cbc1227-89c6-4430-ad1c-efebb584a872','Lorem ipsum et officia pariatur pariatur.',171.858,257.595,264.892,'2018-06-19',70113,594514),(24555884,'https://picsum.photos/id/884/300/300',884,'Ecrater ad esse','5e34202e-b2fe-4809-aa8b-1cff425b26cc','Nisi dolore pariatur amet aute duis elit reprehenderit nulla fugiat enim sunt et.',158.014,193.508,207.543,'2016-03-31',92103,5046247),(24790368,'https://picsum.photos/id/368/300/300',368,'Euron pariatur labore','e3f9bba0-3d04-4fdb-b41a-8877495efdc2','Aliqua magna ex anim consequat culpa fugiat enim id incididunt velit consectetur ullamco fugiat.',124.395,258.914,275.235,'2021-09-16',67199,3985107),(24816174,'https://picsum.photos/id/174/300/300',174,'Speedbolt anim cupidatat','7c8b6eb6-3522-4aed-a594-02a7cd2768ff','Laboris fugiat officia laborum qui ipsum est Lorem duis ea anim pariatur incididunt officia.',97.625,200.224,255.012,'2021-09-28',54215,9663227),(24879479,'https://picsum.photos/id/479/300/300',479,'Vantage duis irure','d70ce09f-2ebf-4dac-8ce1-53054a30cea6','Occaecat sit magna eu quis ullamco eiusmod irure sit exercitation elit in ullamco exercitation.',142.899,261.103,278.053,'2019-06-28',27166,5613209),(24894272,'https://picsum.photos/id/272/300/300',272,'Balooba esse adipisicing','4f5022de-ec56-42e4-b0af-f20fa5fcc934','Nisi nisi amet amet laboris commodo est do.',172.052,226.804,194.038,'2019-11-03',90873,8303173),(25166101,'https://picsum.photos/id/101/300/300',101,'Pharmacon pariatur Lorem','d7c65eb2-9468-4f15-9fe4-80f1393f7b13','Cupidatat consequat voluptate commodo exercitation ea et aute velit proident dolor sit.',186.873,195.385,271.752,'2015-06-20',31945,6869184),(25324729,'https://picsum.photos/id/729/300/300',729,'Golistic sit cupidatat','2a87c4c0-7386-40d8-859c-be0cf3fa6d27','Nisi consectetur aute sunt occaecat aliqua ea labore commodo ea consequat dolor et ea.',127.795,192.247,237.946,'2015-05-20',91896,3430136),(25397345,'https://picsum.photos/id/345/300/300',345,'Perkle occaecat exercitation','aa1f9a98-63dd-4bcb-bcf2-e3cd5539d4b2','Ut aute est adipisicing consectetur excepteur esse eiusmod.',126.946,194.288,192.924,'2016-03-15',93046,836320),(25433570,'https://picsum.photos/id/570/300/300',570,'Uniworld labore nulla','005d9e17-c1e5-4e71-8e82-2c5b9c25d138','Ut irure cupidatat proident enim qui fugiat deserunt.',140.553,269.143,244.084,'2017-10-09',77288,3985107),(25493191,'https://picsum.photos/id/191/300/300',191,'Virxo cillum enim','9a7774d5-a48f-4955-ab4a-bcaba3174ceb','Voluptate ullamco sit ullamco labore ut.',157.514,215.48,259.936,'2019-03-12',89775,6212257),(25856558,'https://picsum.photos/id/558/300/300',558,'Remold ea cillum','0f3bc7b8-c0fe-4efc-9278-cc081cb25e1c','Veniam et sint ullamco officia sit ut duis elit anim exercitation.',119.406,240.464,210.257,'2021-09-28',61331,4616276),(25862984,'https://picsum.photos/id/984/300/300',984,'Quantasis Lorem qui','6d22296e-d293-4fab-8b3e-9bd4f2082722','Do veniam laboris minim ut Lorem do dolor ipsum non ut in est elit.',166.906,231.54,277.825,'2019-04-08',27140,512983),(25962866,'https://picsum.photos/id/866/300/300',866,'Austex elit ea','14adc676-0f1d-432e-adb7-6f12d388ae4c','Fugiat do cillum proident ea anim et aliqua consequat sunt Lorem.',136.012,260.996,248.704,'2017-05-25',92044,2739264),(25966198,'https://picsum.photos/id/198/300/300',198,'Tellifly eiusmod esse','4cd191b2-dce8-4a85-83c2-a857b96abbfc','Officia aliqua nostrud et voluptate ut irure occaecat minim cupidatat exercitation esse culpa proident.',176.681,191.837,208.456,'2016-03-08',47962,771648),(26000749,'https://picsum.photos/id/749/300/300',749,'Orbixtar ex enim','93f575ad-a075-45c6-846c-42d5ac04c30d','Esse deserunt excepteur aute ullamco pariatur est eiusmod irure magna eu voluptate.',99.4704,185.962,265.581,'2018-10-19',38699,8640170),(26045719,'https://picsum.photos/id/719/300/300',719,'Terrago est ex','7a4b08d4-34e2-45ee-b74c-a43a789d9f8e','Tempor nisi occaecat sit voluptate minim Lorem eu veniam laboris velit adipisicing exercitation minim.',119.655,270.28,254.213,'2020-03-26',89975,4883203),(26154451,'https://picsum.photos/id/451/300/300',451,'Geologix voluptate sint','74e2c330-10a7-4371-b745-649b647263fb','In id ea ea adipisicing pariatur reprehenderit.',174.831,224.064,250.161,'2022-03-26',94388,819171),(26328510,'https://picsum.photos/id/510/300/300',510,'Kidstock laboris sunt','53ca0b56-81e0-441e-a340-7e3c32e170f7','Commodo exercitation enim occaecat elit fugiat et elit sint labore tempor non fugiat aliqua.',154.187,203.29,229.232,'2017-12-01',70911,762742),(26371276,'https://picsum.photos/id/276/300/300',276,'Zentia occaecat Lorem','3b5d4402-98b6-4a9b-a7ff-ec20c65ca7c7','Minim ad laboris labore elit laborum anim dolore minim adipisicing mollit officia cupidatat fugiat ex.',168.129,256.735,230.21,'2018-10-01',28679,359043),(26527809,'https://picsum.photos/id/809/300/300',809,'Quadeebo in occaecat','106f8e82-4404-46f0-aa4a-1cc5fdd74d67','Aliquip laborum duis officia et consequat amet sint aute enim esse dolore dolore velit commodo.',117.742,200.232,236.302,'2016-11-08',52796,6998263),(26615670,'https://picsum.photos/id/670/300/300',670,'Exoteric nostrud irure','03efab76-c5ed-488e-862d-b1c610e05573','Proident nostrud duis adipisicing veniam duis sunt voluptate enim velit dolor cillum occaecat quis.',163.995,278.684,243.295,'2020-03-30',58235,123758),(26654560,'https://picsum.photos/id/560/300/300',560,'Thredz est deserunt','a1093f6b-39c0-4e74-9139-2be2c6deaae6','Duis aute ad cupidatat ex anim aute consectetur sint irure proident.',178.705,265.027,270.847,'2022-04-21',84681,9601200),(27193310,'https://picsum.photos/id/310/300/300',310,'Xylar ipsum veniam','b4917974-93c9-4e7a-a401-d4a3f34eb3b1','Excepteur occaecat mollit occaecat velit duis cillum sint culpa aliqua est adipisicing nisi in.',113.411,272.562,278.917,'2016-12-13',73833,246887),(27198953,'https://picsum.photos/id/953/300/300',953,'Fanfare aliqua sunt','c1d8b9ed-ccf5-4f21-ac36-58fd3cbb9286','Culpa laborum veniam excepteur enim quis.',91.7621,270.737,215.388,'2021-11-24',75951,949526),(27199626,'https://picsum.photos/id/626/300/300',626,'Zentility ipsum velit','e9a8be3c-05fd-4026-ab57-3af2bdcdbbf5','Elit incididunt est nulla eu consectetur laborum ullamco amet velit sint duis.',113.129,208.062,233.061,'2017-05-18',98380,7749244),(27201708,'https://picsum.photos/id/708/300/300',708,'Netbook reprehenderit esse','7682f3c1-7243-4946-b147-5f5e15a3c5d5','Ad consequat magna do ea mollit proident incididunt dolore sit proident.',178.827,253.554,234,'2019-01-16',54795,788519),(27219582,'https://picsum.photos/id/582/300/300',582,'Prosely elit do','3076d70e-80e2-45e2-b2ea-fb746eb1f5f4','Duis occaecat fugiat culpa sunt sit qui adipisicing ex aliquip sit.',184.114,212.232,239.887,'2020-01-26',65419,3206118),(27576687,'https://picsum.photos/id/687/300/300',687,'Rodeology eu excepteur','10665470-0e58-4c7a-b212-c358835f04d2','Nisi velit anim commodo non anim aute elit nulla ut voluptate qui.',146.762,222.066,277.748,'2016-12-12',42938,6659260),(27614246,'https://picsum.photos/id/246/300/300',246,'Menbrain Lorem ullamco','fcbf163b-c3b3-4e02-933e-50c4fa2df149','Ullamco irure non nulla ad consequat sint.',168.086,271.185,254.053,'2015-09-17',79115,3054286),(27686181,'https://picsum.photos/id/181/300/300',181,'Zizzle adipisicing ex','b771e8ee-eed9-4194-bca6-d5a7c958086b','Et tempor officia esse laborum proident.',187.669,262.704,225.942,'2017-10-18',46495,1266283),(27858818,'https://picsum.photos/id/818/300/300',818,'Xiix sunt sunt','f6d59d92-6aee-4d29-a219-daf85c37bdf3','Tempor minim nulla aliqua velit consequat dolore culpa.',137.366,196.701,229.185,'2021-03-01',67443,8682279),(27941239,'https://picsum.photos/id/239/300/300',239,'Immunics magna do','c48faea8-a205-4dac-96eb-7512700fc1c2','Ipsum commodo sint do laborum.',165.685,254.678,189.593,'2020-08-25',94362,9390151),(27995121,'https://picsum.photos/id/121/300/300',121,'Cinesanct veniam exercitation','64425b8d-a837-4e89-8aab-bfe25f941f4e','Id dolore culpa cillum tempor et et et adipisicing et dolor laborum anim anim non.',152.84,268.903,275.143,'2014-03-25',90837,594514),(28030889,'https://picsum.photos/id/889/300/300',889,'Concility tempor irure','44f25a07-1fa2-4eaa-a913-f751e0ec2e0b','In tempor officia eiusmod culpa.',149.239,232.034,237.374,'2018-03-20',30043,4822114),(28031473,'https://picsum.photos/id/473/300/300',473,'Decratex velit quis','0aaa67ab-371e-4e8a-b30f-057a14c330c0','Non voluptate eiusmod sint ut quis est.',144.687,191.72,262.104,'2017-06-05',38685,467829),(28140893,'https://picsum.photos/id/893/300/300',893,'Velos duis consectetur','18eae876-77f6-4146-ab4b-4bd38a1024a0','Amet Lorem nisi nulla labore mollit tempor laborum reprehenderit.',140.546,215.563,197.633,'2014-08-08',14350,832692),(28257331,'https://picsum.photos/id/331/300/300',331,'Xumonk eu mollit','aa84c184-b098-4e95-8fdf-df74e196d6a0','Do nisi magna excepteur duis.',156.769,239.004,242.304,'2022-10-17',80364,1406215),(28344168,'https://picsum.photos/id/168/300/300',168,'Extragene minim occaecat','76a84aec-b3dc-43f9-a8c2-4b32d2e770b2','Quis dolor et fugiat culpa ea enim veniam minim veniam culpa aliqua.',107.905,228.854,220.594,'2015-04-23',49986,3381155),(28357764,'https://picsum.photos/id/764/300/300',764,'Aquasseur sit culpa','ac57980a-5fb2-4bbb-b2cb-60df23d1238b','Voluptate amet esse id in ipsum ipsum laborum velit magna id reprehenderit.',141.379,217.161,276.025,'2020-05-03',58423,6998263),(28443351,'https://picsum.photos/id/351/300/300',351,'Zeam in ex','c9ff6e43-693f-48cc-bf08-aed4f214b90d','Qui Lorem fugiat sint cupidatat voluptate nulla consectetur sunt exercitation eiusmod ullamco minim enim ut.',116.178,278.678,219.694,'2021-06-03',97272,8476131),(28602907,'https://picsum.photos/id/907/300/300',907,'Geekus irure duis','53ef2040-8baf-488e-be65-b5d1dc3dfa1d','Aute Lorem ipsum deserunt cupidatat minim qui occaecat.',99.5164,230.976,196.44,'2017-09-21',22056,597125),(29262202,'https://picsum.photos/id/202/300/300',202,'Ginkle ipsum est','763a63d2-0c31-445f-a716-aa7a27ea670f','Ad in cillum elit Lorem labore.',101.383,272.542,260.901,'2017-04-11',13582,668985),(29408569,'https://picsum.photos/id/569/300/300',569,'Insurety ut esse','28bd3721-15a3-45c3-aa87-03c337c979ba','Quis nulla amet proident non.',107.771,227.833,182.272,'2022-04-17',82552,2310180),(29526231,'https://picsum.photos/id/231/300/300',231,'Techmania ut in','034f28c6-fbdf-4701-ba40-c8e62094ee52','Anim sit eu ullamco deserunt Lorem nostrud proident exercitation.',101.488,278.189,201.391,'2017-11-28',15346,13138),(29608288,'https://picsum.photos/id/288/300/300',288,'Netility fugiat nisi','8d90097c-72b1-4822-b14e-cd57d03d0382','Cupidatat dolore incididunt ex cillum esse exercitation consectetur nulla adipisicing nisi esse non.',114.96,189.864,258.28,'2015-04-03',89446,9445281),(29741115,'https://picsum.photos/id/115/300/300',115,'Bezal quis officia','79692475-35b5-4d6f-97cc-0e36ab378427','Ullamco consectetur aliquip ut est voluptate dolore laborum ad incididunt enim consequat eu non pariatur.',101.683,240.972,189.095,'2018-11-16',55742,731896),(29758264,'https://picsum.photos/id/264/300/300',264,'Zoarere veniam nisi','0910038d-5361-457f-8b9f-0e7cf774a768','Cillum enim ad ex pariatur esse excepteur in.',90.1169,186.51,205.822,'2020-07-31',43890,3670197),(29838171,'https://picsum.photos/id/171/300/300',171,'Zaggle deserunt est','b13db49f-1d7c-4b2d-a94c-ea0f81aafc00','Deserunt laborum cillum labore aute mollit amet ad laborum ad nulla nulla.',134.663,278.105,194.635,'2015-09-06',11050,1300274),(29893698,'https://picsum.photos/id/698/300/300',698,'Comdom esse tempor','d171ead1-5a82-4f6a-90dc-5b0967bc3c65','Velit veniam deserunt aliquip adipisicing eiusmod.',90.4913,219.08,195.981,'2018-09-10',26472,819171),(29947214,'https://picsum.photos/id/214/300/300',214,'Isodrive est tempor','cf028169-f6f3-4a39-857f-206a7442e2a4','Nostrud magna pariatur non officia irure ex.',150.759,234.901,193.649,'2021-02-23',67489,6025278),(30035366,'https://picsum.photos/id/366/300/300',366,'Bunga ea culpa','076c61a2-c585-409e-b170-41620b080cee','Consequat in occaecat ad non ut in duis est pariatur.',182.87,205.673,263.572,'2015-12-14',71081,4883203),(30328494,'https://picsum.photos/id/494/300/300',494,'Dyno ad esse','0fa717de-0197-4173-a902-6766d079f5c7','Veniam proident commodo officia amet irure consectetur pariatur enim.',98.6132,277.082,263.553,'2017-08-02',16437,7553172),(30369660,'https://picsum.photos/id/660/300/300',660,'Tsunamia eu commodo','b5e673ef-1c32-4068-9c02-b6efc0e46986','Id id consectetur laboris nisi officia id consequat velit incididunt.',109.598,213.492,264.6,'2016-10-26',23012,332968),(30391367,'https://picsum.photos/id/367/300/300',367,'Mazuda cupidatat ullamco','e33dc43c-866e-4fc3-b643-b07bad1d0eb6','Qui esse reprehenderit non ut ad cupidatat esse magna officia.',95.7405,268.097,200.324,'2017-05-23',95610,2107262),(30561903,'https://picsum.photos/id/903/300/300',903,'Providco consectetur adipisicing','2aeed124-731d-4ceb-8afa-846bae3e06f2','Ipsum mollit cillum sunt nostrud tempor officia.',123.304,212.965,257.401,'2021-03-22',91872,200457),(30632696,'https://picsum.photos/id/696/300/300',696,'Corepan nulla anim','c0764e72-ca23-44eb-bb79-123182a7d7ed','Enim ipsum consectetur proident dolor.',131.79,209.41,265.673,'2021-11-24',39964,243212),(30653664,'https://picsum.photos/id/664/300/300',664,'Medicroix anim anim','b88b2e46-e20e-4285-b95e-3c669e02bdbe','Tempor sit dolor aliquip in aliqua tempor proident elit labore.',148.565,216.228,182.558,'2015-01-12',87991,1160249),(30783434,'https://picsum.photos/id/434/300/300',434,'Edecine pariatur ad','130419ec-9b8b-4f90-b721-9c1e7cd8bad7','Ullamco fugiat culpa in ad ad.',166.915,253.911,233.941,'2019-01-27',95102,6984282),(30820783,'https://picsum.photos/id/783/300/300',783,'Daido quis cupidatat','d80065ef-fa42-43a1-98f5-6053569376a0','Cillum fugiat voluptate consequat veniam ex mollit esse ipsum voluptate elit.',174.38,204.281,186.821,'2015-04-05',84674,9726261),(30870665,'https://picsum.photos/id/665/300/300',665,'Comstruct voluptate cupidatat','2992134e-2403-4052-8e81-435f1ce5ef59','Esse aliquip veniam laborum irure minim aliqua sint do anim sunt.',137.858,241.464,257.421,'2018-03-18',99669,15745),(30893756,'https://picsum.photos/id/756/300/300',756,'Geekular consequat adipisicing','a873b7c7-d90c-44d5-8567-2de9f6bf6826','Anim anim ipsum sit consequat magna nulla commodo laborum veniam elit deserunt.',171.908,262.956,261.592,'2016-10-18',16506,108691),(30894252,'https://picsum.photos/id/252/300/300',252,'Austech non deserunt','b31c3e6c-997a-4055-9627-0fcdb63e4174','Magna nostrud fugiat et nulla eu eiusmod consectetur tempor.',143,201.96,279.225,'2021-08-03',66099,6198175),(31106299,'https://picsum.photos/id/299/300/300',299,'Xleen occaecat mollit','7dd61213-8a11-487d-b6f5-f3c5332f5a9e','Ut velit cupidatat veniam eiusmod.',177.451,253.994,247.069,'2015-08-12',61488,3570177),(31116453,'https://picsum.photos/id/453/300/300',453,'Accufarm id ut','e5b243c1-165c-4691-bacc-c77d9b5125b9','Commodo irure qui qui labore laboris sunt ullamco id.',130.47,213.334,214.241,'2020-10-01',96029,5685292),(31152578,'https://picsum.photos/id/578/300/300',578,'Glukgluk cillum excepteur','ff3d65ea-dc9f-45df-b3fb-4d7bb91ee074','Ut nostrud nostrud magna do aliqua commodo id reprehenderit irure occaecat.',170.113,279.374,197.613,'2020-11-18',49302,394261),(31245283,'https://picsum.photos/id/283/300/300',283,'Techade ipsum labore','e45dd264-5134-42f8-aa7e-0bc9c885738a','Magna nostrud voluptate irure veniam labore eiusmod amet aliquip ex aliqua.',168.206,211.071,244.321,'2021-03-20',50708,7381124),(31286321,'https://picsum.photos/id/321/300/300',321,'Xoggle sit laborum','d88f5a4e-8db9-48cf-96a0-64158a3ebb7a','Duis dolor mollit eiusmod aliquip sit irure est amet.',139.337,183.119,242.244,'2014-12-29',33998,3792273),(31299449,'https://picsum.photos/id/449/300/300',449,'Utarian in eiusmod','30e57216-b892-474f-a828-e89593e832c2','In aliqua ullamco ad anim anim reprehenderit amet consectetur aliqua minim.',102.439,195.165,196.814,'2014-09-02',73478,6984282),(31329551,'https://picsum.photos/id/551/300/300',551,'Uberlux do quis','44f8482e-9bce-49fe-a3d2-6dfa8d128ccb','Minim qui ut deserunt reprehenderit sit Lorem.',115.86,273.486,233.212,'2017-04-20',60097,2833122),(31405586,'https://picsum.photos/id/586/300/300',586,'Strezzo quis consequat','4bdc5aba-2403-4b0e-90e4-9de5c4c6c284','Ullamco officia labore pariatur ex qui ea laboris consectetur est ipsum incididunt ipsum commodo sit.',112.204,223.871,261.594,'2020-09-08',58112,9279187),(31419222,'https://picsum.photos/id/222/300/300',222,'Geofarm irure pariatur','5d705cde-958d-47d9-bccb-a49325cfd50d','Et et reprehenderit nostrud fugiat in sint sunt veniam culpa voluptate incididunt commodo.',148.139,213.25,238.914,'2021-06-01',15302,427066),(31469917,'https://picsum.photos/id/917/300/300',917,'Comtour sint mollit','ca4e9dcf-819a-4c01-98c7-f3a750822197','Id minim tempor laborum occaecat culpa aliqua aliqua culpa ad duis.',154.651,226.847,273.948,'2020-01-04',58832,3430136),(31579838,'https://picsum.photos/id/838/300/300',838,'Mediot sit eu','fe942cbd-4054-4d29-84d5-3eb26b6c1f94','Irure aute fugiat esse ad minim do nisi Lorem magna incididunt.',99.6422,189.76,279.894,'2021-11-09',55327,9130235),(31713699,'https://picsum.photos/id/699/300/300',699,'Ramjob commodo aliqua','aad3b29f-9bee-441e-a83a-50969bfd0c20','Tempor nulla est et excepteur velit non excepteur.',114.183,245.562,229.97,'2022-05-06',96596,3523127),(31728862,'https://picsum.photos/id/862/300/300',862,'Optyk dolore aliquip','bc8b1017-c02d-4dac-a93d-85bb2600c778','Ullamco cillum laboris elit nisi est.',99.0294,236.587,265.793,'2016-12-30',66783,935311),(31901225,'https://picsum.photos/id/225/300/300',225,'Artworlds culpa proident','6fe8b634-9b6c-4238-ace7-a9a563cd9874','Do Lorem anim do cupidatat velit minim dolor esse enim laborum irure ipsum pariatur.',120.781,278.958,233.544,'2018-11-08',99434,9390151),(32076846,'https://picsum.photos/id/846/300/300',846,'Shopabout sunt ea','279f3702-2283-4884-b97e-f93ebe3b74ce','Cupidatat excepteur elit pariatur dolore labore aute do duis eu.',100.939,193.753,226.615,'2014-05-07',24364,949526),(32145234,'https://picsum.photos/id/234/300/300',234,'Zytrax nulla nostrud','15bfecce-6332-4bdf-acc0-bb7846aef2da','Voluptate incididunt laboris Lorem eiusmod adipisicing deserunt.',165.978,190.638,272.123,'2016-03-18',93472,20879),(32177284,'https://picsum.photos/id/284/300/300',284,'Kangle ex labore','ed26ca58-dceb-4ace-b864-b595fb0995c9','Culpa sint sint ea laboris anim labore eiusmod ex ea veniam sint adipisicing reprehenderit proident.',138.258,230.552,205.165,'2021-04-30',98633,870849),(32327370,'https://picsum.photos/id/370/300/300',370,'Zialactic pariatur tempor','835bdc4f-b962-4ce6-a088-b4377d7d1450','Nostrud tempor officia voluptate pariatur excepteur eu fugiat elit ut eu quis.',141.541,184.346,244.955,'2019-02-24',18937,286324),(32327960,'https://picsum.photos/id/960/300/300',960,'Sustenza non irure','ee34cbf7-bd6e-4051-96c8-e60bcf245421','Duis aliquip dolor aute occaecat.',109.738,248.973,230.873,'2019-05-21',79468,3259192),(32340909,'https://picsum.photos/id/909/300/300',909,'Earwax aute laborum','8a70f7b3-9b41-42b7-b0ea-cc063ca110b3','Enim officia dolor fugiat cillum aliqua sint.',181.146,216.366,276.029,'2020-07-23',33154,3325183),(32466522,'https://picsum.photos/id/522/300/300',522,'Gaptec incididunt proident','4d8d6d6a-0866-4d5c-836f-ebf4cfc5ded0','Lorem dolore culpa Lorem nulla laboris cupidatat magna qui velit labore.',175.968,214.721,212.163,'2016-12-23',19395,828639),(32503876,'https://picsum.photos/id/876/300/300',876,'Cormoran enim excepteur','904eb2f2-182e-472b-9ff2-9cb7e3ee2932','Tempor tempor enim commodo adipisicing do anim laboris sunt excepteur ipsum adipisicing labore.',140.845,196.448,264.755,'2016-10-26',27258,9934289),(32534895,'https://picsum.photos/id/895/300/300',895,'Rodemco anim in','e3e120a8-ffc1-488e-b9f8-0437ce92178a','Non nisi do reprehenderit aliquip deserunt dolor est pariatur id sunt occaecat.',141.44,205.776,279.791,'2015-09-07',24599,901037),(32581768,'https://picsum.photos/id/768/300/300',768,'Digigen dolor reprehenderit','6e0c1dcd-7166-4579-94f3-b0e01b69ff46','Cillum Lorem elit labore voluptate minim id Lorem occaecat.',92.5394,262.573,207.054,'2021-10-05',36548,286324),(32610674,'https://picsum.photos/id/674/300/300',674,'Portaline ullamco minim','1233b379-5459-48af-8f62-c75a85ba7d06','Ad reprehenderit labore adipisicing irure.',143.252,180.061,277.777,'2015-04-11',47825,828639),(32963503,'https://picsum.photos/id/503/300/300',503,'Vitricomp nostrud magna','d27eb1c3-da8d-449b-a07a-9aecb3bd2692','Non eiusmod cillum deserunt ad cillum duis proident veniam dolore quis esse.',178.79,243.026,217.288,'2018-10-22',63425,78894),(33108346,'https://picsum.photos/id/346/300/300',346,'Zilphur cillum id','dd9a6faa-a7ef-4391-9f73-c6c4f2afec71','Est do labore laborum fugiat.',94.6796,203.598,184.081,'2014-10-16',21046,9279187),(33209184,'https://picsum.photos/id/184/300/300',184,'Autograte cillum minim','f4b256b6-7a36-42c5-99c2-9dedfe1184ea','Sit nisi cillum anim eiusmod culpa nisi exercitation ipsum laborum minim.',115.04,200.622,216.58,'2020-07-02',99763,6659260),(33419533,'https://picsum.photos/id/533/300/300',533,'Dreamia laborum proident','fc559b21-a58e-44f5-aa36-c2adad5ced96','Ad aliquip quis veniam aute nulla consequat nostrud ea nostrud dolore dolor.',117.027,249.464,212.278,'2016-03-01',59424,713053),(33475395,'https://picsum.photos/id/395/300/300',395,'Venoflex aliquip nulla','21e5cc50-71eb-46ad-8cf3-080924ff0f84','Culpa ea adipisicing nulla laboris ut nostrud id reprehenderit culpa occaecat deserunt aliqua.',131.602,206.017,279.099,'2022-02-14',25666,2522164),(33567802,'https://picsum.photos/id/802/300/300',802,'Makingway aliqua pariatur','74443606-54b9-4351-8000-3e080de43c91','Irure et esse adipisicing deserunt commodo tempor elit enim id adipisicing nulla.',148.361,245.834,192.612,'2019-06-02',27381,983035),(33749432,'https://picsum.photos/id/432/300/300',432,'Verton sint mollit','cf015574-01a1-415c-b7e3-605461385a68','Adipisicing officia aliqua elit irure commodo commodo eu anim qui labore.',187.198,237.843,202.234,'2016-02-04',75581,677013),(33845952,'https://picsum.photos/id/952/300/300',952,'Enersave ad duis','46fb45b5-7bfc-4155-928e-586f85f7e6ab','Cupidatat ullamco aute ipsum incididunt.',144.602,232.831,269.677,'2014-03-19',54534,6461104),(33964762,'https://picsum.photos/id/762/300/300',762,'Biolive cillum qui','a3133f72-751a-44fe-bf61-47f3cc253eaa','Commodo culpa sint laboris commodo in commodo amet cillum sint laborum magna fugiat.',114.818,228.41,189.692,'2015-06-15',35127,8702179),(34006527,'https://picsum.photos/id/527/300/300',527,'Aquafire enim Lorem','a7f55c86-4b51-43a0-9ab1-56dac0f855af','Exercitation excepteur minim minim et deserunt aliquip nisi labore cupidatat eu anim.',98.1978,274.555,255.831,'2020-09-13',51134,3591268),(34050811,'https://picsum.photos/id/811/300/300',811,'Genmom consectetur commodo','3b10df7c-3b76-4e06-abbb-9c9b780c5c6c','Pariatur et aliqua eu adipisicing pariatur proident culpa deserunt.',141.747,259.866,278.512,'2016-05-31',27959,20786),(34147253,'https://picsum.photos/id/253/300/300',253,'Centree irure labore','f4070481-0e0d-4d63-b46f-d4807d3edcb0','Lorem quis et aliqua in velit in duis.',90.0496,238.225,206.294,'2015-11-19',63970,4354188),(34168281,'https://picsum.photos/id/281/300/300',281,'Bleeko dolore pariatur','9ff03a09-f331-436e-a2ed-264cb9b4502f','Sit mollit commodo in amet ut exercitation est qui dolore exercitation voluptate veniam reprehenderit.',148.179,214.259,213.857,'2014-10-04',96454,2605238),(34272417,'https://picsum.photos/id/417/300/300',417,'Cujo amet enim','15cd92ab-e1e5-457b-8023-dfa5312410cf','Cupidatat qui reprehenderit qui sunt do nostrud.',163.661,264.295,225.391,'2014-11-26',95240,7381124),(34280648,'https://picsum.photos/id/648/300/300',648,'Moreganic laborum officia','8ef1de7b-1d06-44da-918b-ab5dd0eb6921','Lorem est reprehenderit ut tempor proident in reprehenderit consectetur magna enim duis.',121.27,249.368,182.449,'2016-05-19',73930,8688258),(34449254,'https://picsum.photos/id/254/300/300',254,'Roughies nostrud consequat','088b17d9-4b93-4bf0-92b8-f32d42762ef6','Aliqua aliquip excepteur sit non ad cillum amet mollit aliquip eiusmod eiusmod elit ullamco commodo.',173.664,225.132,250.957,'2022-03-23',16309,359043),(34578680,'https://picsum.photos/id/680/300/300',680,'Hinway consectetur duis','647d15bb-4d29-4d38-8c28-e5106d94b364','Dolor ipsum aute officia magna sit.',176.907,212.756,181.113,'2014-11-20',66242,9226295),(34581561,'https://picsum.photos/id/561/300/300',561,'Exodoc culpa labore','2eeb4c8a-4339-479d-a637-a4c74ec19201','Consectetur sunt ex laborum cillum commodo ad in magna consectetur sit.',115.939,279.197,224.066,'2016-10-18',52253,9279187),(34672743,'https://picsum.photos/id/743/300/300',743,'Dancity esse aliqua','78b7f8cf-9361-480c-b536-b5e6df153f59','Non tempor culpa excepteur sunt elit labore aute est excepteur laboris minim non ea.',126.181,240.258,269.688,'2016-03-19',96068,9450145),(34713916,'https://picsum.photos/id/916/300/300',916,'Fangold est velit','4dcc6647-948a-4335-9313-bac86893eec7','Culpa ut aute sint consectetur irure dolor quis commodo.',143.193,262.688,235.992,'2020-11-18',21293,935311),(34735404,'https://picsum.photos/id/404/300/300',404,'Petigems et cillum','f14f9a83-4cc2-4ebe-a8c6-fb05eaf2b029','In nostrud ad in magna.',155.116,240.148,247.446,'2022-10-31',31417,3073298),(34951141,'https://picsum.photos/id/141/300/300',141,'Pyramis nostrud culpa','fc00190a-f3fc-4325-b7b3-63fe46201347','Irure exercitation ullamco eu dolore ad deserunt id quis ex irure esse eiusmod eu magna.',145.13,248.845,254.607,'2021-01-03',19930,9729120),(34969136,'https://picsum.photos/id/136/300/300',136,'Strozen nostrud eu','739719e5-efa1-4ab5-915f-2e9eafd5a2f1','Laborum eu aute dolor aliqua velit officia veniam officia.',157.308,274.587,184.215,'2017-10-09',92214,3591268),(35040643,'https://picsum.photos/id/643/300/300',643,'Dragbot pariatur exercitation','f34bbc5d-cf83-494b-a53c-d374701f27ee','Laboris pariatur amet Lorem id est ullamco commodo nulla veniam mollit proident commodo eiusmod proident.',137.22,251.077,208.973,'2021-07-04',93547,8848242),(35135377,'https://picsum.photos/id/377/300/300',377,'Viasia eu est','23cda33d-a324-418c-b6d4-79c9c514b7ca','Non est ad mollit Lorem ea elit consequat.',142.927,268.882,191.237,'2020-06-28',93695,731896),(35152689,'https://picsum.photos/id/689/300/300',689,'Imperium sint consectetur','b4667e41-2fc3-4f04-a953-ae74279a6213','Enim dolor sunt ipsum aute et veniam commodo.',177.879,263.658,245.058,'2017-01-29',12036,5610176),(35228319,'https://picsum.photos/id/319/300/300',319,'Eweville mollit dolor','23750ae7-457a-4a1d-9f12-43761b22775a','Cupidatat sunt id pariatur consequat laborum nisi laborum Lorem ullamco cillum dolor nulla ea.',152.102,187.534,217.834,'2016-02-14',11891,5231190),(35245634,'https://picsum.photos/id/634/300/300',634,'Biotica reprehenderit officia','e8238a1f-a8d7-4c46-92e5-95b6245313cd','Ut in cillum ea magna consequat officia culpa consectetur tempor reprehenderit excepteur do.',109.386,251.628,275.103,'2021-05-02',22731,8533163),(35292765,'https://picsum.photos/id/765/300/300',765,'Liquidoc pariatur labore','0e087488-bb26-4323-83b4-288ad3ed973f','Enim occaecat cillum quis enim et laboris velit ea exercitation.',138.709,228.114,241.018,'2015-09-13',57378,8468129),(35491737,'https://picsum.photos/id/737/300/300',737,'Typhonica ex aliquip','5830adaf-5c34-4e1d-9803-589567f57730','Dolore ut sit cillum fugiat anim cillum deserunt.',140.841,222.841,268.355,'2016-02-27',13729,8303173),(35600134,'https://picsum.photos/id/134/300/300',134,'Minga ipsum fugiat','ecccfbf6-adca-4a4b-8017-51fec107f65b','Ad aliquip pariatur ullamco commodo non tempor ex magna ad dolore enim non ex.',140.385,205.534,265.054,'2021-03-27',52406,677013),(35660227,'https://picsum.photos/id/227/300/300',227,'Insurity enim tempor','e335aa33-58c3-4627-8afe-ee81b6ccefb1','In quis reprehenderit commodo deserunt laborum veniam aliqua et minim tempor.',189.703,273.209,277.78,'2020-06-29',43672,299775),(35866248,'https://picsum.photos/id/248/300/300',248,'Softmicro eiusmod est','a687f1ae-054b-4354-b34c-ad7b4de842ab','Sit magna pariatur ut voluptate laboris dolore aute.',107.45,241.634,185.992,'2018-02-12',45404,2125128),(36053808,'https://picsum.photos/id/808/300/300',808,'Vurbo sit ea','e9082dc2-90d3-412b-a925-483fbc241026','Pariatur est non ad non officia.',117.549,247.902,188.335,'2018-12-20',44148,8115135),(36682175,'https://picsum.photos/id/175/300/300',175,'Accuprint quis consequat','ff2ad7b9-2ffd-4728-a378-92a36accf01a','Tempor ut eu consequat deserunt amet fugiat.',180.482,249.585,187.123,'2020-02-04',34348,935311),(36889150,'https://picsum.photos/id/150/300/300',150,'Zolavo aliqua amet','325a0224-3078-40d1-9064-557a79509515','Anim commodo sunt excepteur fugiat sunt culpa dolor.',129.79,275.118,185.559,'2019-01-15',56198,731896),(36913779,'https://picsum.photos/id/779/300/300',779,'Comtract sunt ad','643c6d4f-e642-42fa-9956-da8cfb2a59f5','Cupidatat nulla id est laboris consectetur do.',95.1214,195.535,273.785,'2015-05-03',46551,9390151),(36988372,'https://picsum.photos/id/372/300/300',372,'Signity laboris voluptate','2691ed2f-8a03-493b-b50c-0fd503acc381','Cupidatat eu commodo officia irure commodo eiusmod ullamco occaecat non ipsum.',173.824,226.271,211.493,'2016-05-04',50490,246887),(37223836,'https://picsum.photos/id/836/300/300',836,'Plutorque aliquip Lorem','9e107d8e-06fe-4d74-adfb-aa0b50fe4a04','Mollit reprehenderit aliqua et nostrud eu magna reprehenderit officia proident et adipisicing magna irure.',158.314,195.985,230.776,'2019-07-22',48050,5754105),(37295908,'https://picsum.photos/id/908/300/300',908,'Kiosk est reprehenderit','0baa175a-01d3-411a-aee3-9fae629dd589','Pariatur consectetur dolore deserunt esse culpa ut.',113.996,222.756,223.648,'2014-02-21',90625,7329206),(37320860,'https://picsum.photos/id/860/300/300',860,'Quantalia ea culpa','b3c710a8-5841-4cf4-8fda-a52515ace3ac','Do magna consequat anim culpa cupidatat esse duis.',138.694,204.57,274.481,'2017-02-26',46256,389281),(37393520,'https://picsum.photos/id/520/300/300',520,'Xanide in eiusmod','0293bfb0-bc52-404d-9bad-7a637b990e9f','Enim nostrud ex ipsum cupidatat id ullamco anim.',94.489,197.856,210.956,'2018-12-30',74714,8640170),(37432799,'https://picsum.photos/id/799/300/300',799,'Turnling incididunt laboris','8a1eecfb-6855-4e69-af5a-49a3597697aa','Nostrud eiusmod irure enim tempor id fugiat ea exercitation exercitation magna consectetur.',141.909,188.115,210.776,'2020-05-11',25437,9392148),(37506584,'https://picsum.photos/id/584/300/300',584,'Quotezart consequat laboris','b0ffd4ca-094b-4556-81e7-5ead594a96e8','Deserunt consectetur irure adipisicing laborum eiusmod quis exercitation exercitation culpa cupidatat.',122.424,230.239,209.812,'2017-03-12',59417,5046247),(37532471,'https://picsum.photos/id/471/300/300',471,'Veraq ipsum anim','d4aa9f44-ae11-49dd-b69b-7e2e350ab983','Dolor incididunt nulla labore enim ex Lorem ut laborum aute dolore quis deserunt enim.',93.6317,277.335,245.67,'2017-11-10',57599,4967140),(37561651,'https://picsum.photos/id/651/300/300',651,'Acruex tempor proident','e9a69ab8-d450-48a1-b005-d294e13f6965','Qui ad tempor in magna cupidatat id non sit aute cupidatat officia exercitation.',144.842,181.56,186.967,'2014-11-15',71203,596418),(37589498,'https://picsum.photos/id/498/300/300',498,'Vinch do dolore','a71341f8-c75d-4cb2-b09e-8674e7c3371b','Occaecat sunt id excepteur magna sint ut et id aliquip cillum.',171.573,268.147,211.307,'2015-05-06',32579,6305130),(37644116,'https://picsum.photos/id/116/300/300',116,'Ebidco aute et','bbdc9e5e-7c2b-4c6e-b6bc-61ecb3f85049','Aute proident qui nostrud aute enim ipsum aliquip incididunt fugiat id incididunt ut.',135.027,189.663,197.699,'2020-04-05',15197,6198175),(37752405,'https://picsum.photos/id/405/300/300',405,'Rodeomad nulla tempor','fe2ba120-5edd-4c42-a256-09de6e2dd24a','Sit deserunt do dolore nulla excepteur.',168.742,257.952,187.903,'2018-07-24',66048,6471207),(37755988,'https://picsum.photos/id/988/300/300',988,'Tersanki excepteur nostrud','c45008ad-29f0-4a8c-bbe8-cc1e3ba6cf8c','Cupidatat ex in fugiat ad cillum velit mollit laborum.',167.074,244.838,274.436,'2022-02-24',40034,8682279),(38067384,'https://picsum.photos/id/384/300/300',384,'Telequiet eu excepteur','860b0396-d98b-4894-a105-6c53794b87c4','Dolore exercitation fugiat occaecat mollit occaecat amet commodo.',105.774,198.526,263.833,'2021-11-21',60498,8682279),(38163224,'https://picsum.photos/id/224/300/300',224,'Izzby in voluptate','21e9dede-ed5d-47df-87a9-705b1cf48cc3','Voluptate sunt sunt voluptate nostrud id pariatur Lorem mollit Lorem culpa cillum.',144.875,252.421,258.323,'2019-11-23',76070,1160249),(38220120,'https://picsum.photos/id/120/300/300',120,'Emtrac dolore est','4da716e5-032d-41cb-87f0-a04a5c74a7a4','Laborum elit nisi non aliqua minim anim exercitation ex.',146.191,248.623,223.036,'2020-12-08',15990,9390151),(38240730,'https://picsum.photos/id/730/300/300',730,'Intradisk dolor elit','994072b3-18fb-4925-9112-78baf6f4bc9d','Ad qui veniam anim ex fugiat.',177.646,198.979,199.336,'2015-09-11',24799,3614108),(38253223,'https://picsum.photos/id/223/300/300',223,'Isonus amet excepteur','7f4be99d-d487-40fd-9c60-c29828ea4c98','Deserunt quis eu duis ad culpa veniam ea deserunt tempor.',158.308,190.452,233.405,'2020-06-18',93627,1300274),(38298767,'https://picsum.photos/id/767/300/300',767,'Mitroc adipisicing ipsum','8ea0d7e0-a413-47bd-9103-279097a7d199','Excepteur consectetur in duis veniam veniam quis irure mollit dolore reprehenderit sint eiusmod nisi.',148.785,227.245,201.51,'2015-12-24',60905,2580252),(38365684,'https://picsum.photos/id/684/300/300',684,'Melbacor nisi incididunt','8d2b1217-027b-4934-918f-bc7083568f71','Eu do laboris et fugiat consectetur reprehenderit consequat anim ex magna minim adipisicing ad.',178.359,232.75,206.276,'2015-07-02',88857,459888),(38413129,'https://picsum.photos/id/129/300/300',129,'Extremo laborum nulla','967efcad-b29b-4936-93cc-30cb0d5b159c','Enim consectetur non eiusmod aliqua adipisicing aliquip exercitation velit duis eu deserunt consequat fugiat ad.',128.175,192.825,195.212,'2018-06-10',14159,4752228),(38443601,'https://picsum.photos/id/601/300/300',601,'Zillar voluptate qui','cca706b1-c7e1-4cde-95eb-28b16229ed24','Exercitation enim proident do laboris magna nulla culpa ea tempor.',144.623,246.617,267.728,'2021-12-03',84719,426477),(38615695,'https://picsum.photos/id/695/300/300',695,'Zoid est nulla','19d1373b-c3b5-446b-9fc8-f68cebb95bc7','Proident culpa incididunt commodo non anim labore ad.',159.884,194.973,276.913,'2018-06-21',72990,785078),(38669555,'https://picsum.photos/id/555/300/300',555,'Securia magna nisi','f5b2bd08-7652-4af1-8291-317fd4371d1c','Sunt pariatur elit velit fugiat duis Lorem tempor minim tempor duis.',103.704,275.975,264.272,'2017-12-25',12276,5832241),(38683840,'https://picsum.photos/id/840/300/300',840,'Kinetica proident excepteur','bb310fbd-1327-49d2-b5ab-797552b35fdc','Excepteur non ut sint et laboris fugiat eiusmod et adipisicing occaecat ea adipisicing.',169.068,274.728,226.024,'2016-02-14',70373,1880269),(38729399,'https://picsum.photos/id/399/300/300',399,'Schoolio consequat id','dda225ed-8a76-4573-9aee-c3fa3be105e4','Sit laboris irure et elit qui laboris consequat quis nostrud amet ipsum fugiat consectetur.',100.61,234.977,201.995,'2016-08-20',20152,8303173),(38919589,'https://picsum.photos/id/589/300/300',589,'Talae irure enim','ee2828c4-83a3-42af-aaec-ae03594b6380','Non ipsum fugiat nostrud nisi est elit irure duis proident est aliqua occaecat.',111.944,209.253,260.778,'2014-10-07',22342,8115135),(39048403,'https://picsum.photos/id/403/300/300',403,'Enormo reprehenderit nostrud','05d6dbe6-6758-42cd-90e7-43306031e233','Duis eu ut labore qui anim veniam aliqua.',163.478,200.61,274.978,'2016-05-27',64598,3523127),(39190593,'https://picsum.photos/id/593/300/300',593,'Gracker reprehenderit fugiat','f3c35ebd-6697-45be-a3ab-969ada2c16a4','Eu consectetur irure quis id sint minim.',124.461,268.015,229.868,'2021-09-22',67008,2691219),(39416108,'https://picsum.photos/id/108/300/300',108,'Quarmony occaecat eu','7173fa04-2d88-4e79-a57f-b721f2a6ccf2','Consequat elit sint esse dolore voluptate anim minim proident.',106.252,260.518,211.342,'2014-02-28',78498,4942234),(39417587,'https://picsum.photos/id/587/300/300',587,'Vetron ipsum in','ca7c771b-4747-4253-a3eb-517dce18a37c','Sit incididunt voluptate cillum ipsum consequat ipsum labore ullamco voluptate eu excepteur.',118.194,235.792,211.834,'2021-03-05',48375,596418),(39533461,'https://picsum.photos/id/461/300/300',461,'Handshake ullamco non','c6b22df4-c44b-4443-8835-db8b1018e342','Laboris proident veniam id ea.',92.2049,209.456,191.743,'2014-08-03',74612,3907240),(39712263,'https://picsum.photos/id/263/300/300',263,'Peticular ut labore','c2bd035a-01c2-4c7f-befc-cb5d2258c765','Cupidatat Lorem ex laboris Lorem enim eu mollit quis nostrud.',116.492,207.698,250.968,'2021-03-14',82366,6037149),(39858162,'https://picsum.photos/id/162/300/300',162,'Geekosis sit id','09e82538-e9cb-405b-b5f7-9230fea83639','Dolore nulla cupidatat est do labore ut mollit dolor nulla.',133.51,254.487,245.553,'2019-11-15',28875,3206299),(40127854,'https://picsum.photos/id/854/300/300',854,'Brainclip enim ad','bd8e3c29-b7d4-4d5e-9287-9a37200bf236','Est esse ex aliquip cupidatat commodo.',189.501,214.157,270.891,'2021-01-17',95262,6377191),(40444401,'https://picsum.photos/id/401/300/300',401,'Songlines in nulla','18d6f623-1f84-45df-aa74-9af81f92e30f','Deserunt voluptate proident cillum sint est ex aliqua incididunt sit mollit.',92.8816,249.874,213.083,'2021-09-18',89929,1406215),(40748694,'https://picsum.photos/id/694/300/300',694,'Isotrack non commodo','16157a8b-b8fa-46db-9cfd-ddd38163a6d6','Commodo culpa laboris mollit exercitation minim nostrud et aliquip.',183.702,235.367,234.326,'2016-04-27',89645,668985),(40940160,'https://picsum.photos/id/160/300/300',160,'Poochies nisi nostrud','51f24ffd-7123-4fa2-af5d-e1e7f2212737','Qui cupidatat et dolor sunt quis proident ullamco ipsum nostrud occaecat aliquip occaecat.',184.951,232.211,261.644,'2014-04-27',87471,394980),(41018208,'https://picsum.photos/id/208/300/300',208,'Pigzart labore aute','53faaae9-6c30-468d-9014-880d5839f9af','Aliqua consequat qui aliquip nulla esse consequat duis minim sit exercitation esse pariatur.',142.097,256.687,250.821,'2022-07-21',25292,796162),(41243878,'https://picsum.photos/id/878/300/300',878,'Maroptic eiusmod dolore','f6b273b2-2c67-4d9e-80ab-b28a0644077e','Consequat qui aliqua est excepteur cillum cupidatat duis.',92.8197,240.83,193.735,'2018-04-27',66154,2580252),(41303532,'https://picsum.photos/id/532/300/300',532,'Terragen in in','1d20bdc3-a61d-4651-8bc8-43e5578d0d2c','Incididunt officia esse eu exercitation dolor ullamco duis laboris nulla velit reprehenderit eiusmod.',92.2558,224.615,273.333,'2022-09-09',50856,4921162),(41405465,'https://picsum.photos/id/465/300/300',465,'Applica ullamco dolore','da9a4f66-f698-426d-a0b6-555698ddb1e7','Deserunt do sint minim Lorem.',103.005,250.974,196.188,'2022-06-14',13162,6025278),(41735961,'https://picsum.photos/id/961/300/300',961,'Flotonic veniam ipsum','50981847-028c-476c-a406-802ceb6458fb','Aute consequat eu excepteur anim duis officia cupidatat officia consectetur.',111.647,180.672,189.253,'2021-03-19',12051,1349142),(41929608,'https://picsum.photos/id/608/300/300',608,'Unq aliqua commodo','033a71c9-da7d-425a-8a79-156461607a22','Deserunt esse proident do aliquip laborum cillum anim et ullamco ut id sunt exercitation.',186.091,236.665,241.409,'2015-10-08',79832,380895),(42162414,'https://picsum.photos/id/414/300/300',414,'Zanity in laboris','ab123a7c-4881-4c4a-9efc-6806556f748b','Laborum et nostrud qui aliquip occaecat laborum.',153.407,241.333,250.699,'2021-09-04',25788,427066),(42211338,'https://picsum.photos/id/338/300/300',338,'Aeora cupidatat consectetur','5454bc86-af1f-467b-a55e-0d254d86b91f','Quis esse officia laborum cupidatat deserunt officia incididunt id aute irure commodo fugiat enim.',111.688,262.812,253.296,'2016-05-12',25663,8702179),(42283852,'https://picsum.photos/id/852/300/300',852,'Zillan amet esse','22ed8111-7851-479f-83fa-dd41891a3410','Excepteur ut minim veniam exercitation ullamco pariatur magna mollit sint proident est.',113.969,252.615,198.083,'2022-06-28',39636,6659260),(42355874,'https://picsum.photos/id/874/300/300',874,'Honotron proident sunt','9cc92ce8-6c44-456e-8042-3312a069feb2','Mollit sint deserunt tempor aliquip est fugiat id dolore velit.',160.236,260.341,184.035,'2019-02-23',94831,587010),(42527333,'https://picsum.photos/id/333/300/300',333,'Snowpoke in tempor','cf252069-2474-4aab-86f5-3484fcd687b1','Duis et ut magna nulla eu ad.',97.1673,224.733,198.22,'2016-03-06',98252,108691),(42540369,'https://picsum.photos/id/369/300/300',369,'Atgen enim eu','3408900a-2453-49c6-a39b-f359e5477527','Eiusmod exercitation dolore fugiat officia nostrud velit ad sit duis.',152.133,185.482,252.895,'2015-07-16',65045,2718186),(42582666,'https://picsum.photos/id/666/300/300',666,'Rodeocean occaecat dolore','779859c4-c2ab-4c7b-9484-804c56e5fb89','Lorem enim culpa mollit proident tempor laborum ipsum cillum commodo.',143.7,229.669,251.049,'2016-04-26',81923,8688258),(42586690,'https://picsum.photos/id/690/300/300',690,'Straloy dolor laboris','0a306081-6430-47cf-9fce-3c2a625833cd','Cupidatat dolor do aute veniam veniam nisi qui sunt sunt cupidatat eu ex sit.',126.659,213.336,207.585,'2021-07-14',38424,3408288),(42591922,'https://picsum.photos/id/922/300/300',922,'Turnabout proident eiusmod','66f47283-ab5a-4b4a-8d77-c2d0d46a02c9','Est irure ullamco velit ex nulla amet labore cupidatat mollit amet ipsum ad.',98.421,204.972,235.048,'2022-09-04',11737,5783220),(42597270,'https://picsum.photos/id/270/300/300',270,'Knowlysis excepteur consequat','30c1ff9d-b82a-4ef2-8809-828f24416281','Elit deserunt exercitation irure officia laborum aute non magna.',181.019,225.377,189.145,'2022-08-30',74743,8848242),(42604418,'https://picsum.photos/id/418/300/300',418,'Digifad adipisicing minim','6e5d499e-50c1-4992-89ed-53995995ee57','Elit ullamco sit nisi deserunt.',118.132,235.609,184.498,'2022-05-02',33631,5783220),(42842402,'https://picsum.photos/id/402/300/300',402,'Isotronic amet Lorem','a32b0aed-94b8-4d91-b90d-9e885c8039d9','Nostrud excepteur incididunt mollit eiusmod deserunt velit anim fugiat.',103.454,268.631,259.245,'2021-04-20',42141,499345),(42899977,'https://picsum.photos/id/977/300/300',977,'Combogen labore sit','ea950e98-e795-4907-bdaa-b163baca7afe','Velit cillum commodo nisi minim commodo nulla do cillum nostrud cillum amet consectetur do anim.',118.389,253.685,250.203,'2021-05-27',62587,4186101),(42907583,'https://picsum.photos/id/583/300/300',583,'Jetsilk ullamco mollit','cf8794c3-dad2-4316-9209-92398be40af8','Anim id Lorem sint ullamco ipsum.',132.614,184.367,258.256,'2018-01-19',11907,2130154),(43134921,'https://picsum.photos/id/921/300/300',921,'Cubicide consectetur Lorem','15a860b7-3f2c-41c4-b86a-cd708a4f3416','Magna et fugiat Lorem tempor consequat laborum.',115.579,264.623,269.418,'2016-01-21',28253,263240),(43168477,'https://picsum.photos/id/477/300/300',477,'Telpod consequat anim','f5700b45-ade9-4ee9-a8c8-d21c8cb6a31a','Aliqua elit cillum aute laborum qui sint.',129.012,233.553,226.441,'2022-10-20',33320,8303173),(43191645,'https://picsum.photos/id/645/300/300',645,'Zappix labore ipsum','bfb66cea-9081-4a08-a7f0-0873a19dc262','Ipsum sit nostrud fugiat laboris veniam mollit adipisicing ea excepteur proident nisi.',107.79,192.493,275.92,'2016-05-27',89434,8303173),(43290217,'https://picsum.photos/id/217/300/300',217,'Gink consectetur sit','a88b7ccb-edc3-45b4-8760-f60ece727a3d','Laboris mollit enim nostrud eu sunt id id tempor reprehenderit cillum aliqua.',189.003,233.942,188.993,'2022-05-15',22705,9226295),(43295493,'https://picsum.photos/id/493/300/300',493,'Firewax cupidatat cillum','5eb9d121-0f84-4c0e-a85a-59bf67ce279b','Sint dolore nostrud laboris aliqua.',91.5749,213.839,211.32,'2022-08-05',36022,9337185),(43421452,'https://picsum.photos/id/452/300/300',452,'Gushkool tempor duis','9cb08289-feb7-4735-9048-7b436a89e18b','Sint enim consectetur excepteur magna magna aliquip ullamco.',96.4475,199.948,269.053,'2015-08-20',88460,7276202),(43436892,'https://picsum.photos/id/892/300/300',892,'Rugstars id laborum','d69eb867-8450-43f5-b005-e61cdc979c97','Ea proident veniam in aliquip ullamco est.',168.147,220.787,227.691,'2021-02-06',55246,3907240),(43502513,'https://picsum.photos/id/513/300/300',513,'Datacator sit commodo','92dfbfcf-b4ef-444d-8d0e-ef77f45991bd','Eiusmod sit laborum cillum anim incididunt et adipisicing ex.',95.4935,235.121,199.896,'2022-10-04',64603,2680218),(43595681,'https://picsum.photos/id/681/300/300',681,'Buzzmaker in ea','ad02a93a-f43a-4df4-afc4-352aace5f08e','Ipsum elit est mollit do consequat.',161.004,249.124,199.045,'2014-06-08',37387,7010280),(43775106,'https://picsum.photos/id/106/300/300',106,'Isopop elit qui','117ed0cc-c452-44c9-8352-7a0e59c586d5','Commodo consequat nulla elit irure est veniam officia do deserunt voluptate aliqua consectetur nulla.',168.502,241.996,233.646,'2014-04-05',74129,7409250),(43788330,'https://picsum.photos/id/330/300/300',330,'Limage incididunt nulla','49917cba-9841-447b-8e80-7b2e35848df2','Irure deserunt voluptate ea elit ad ipsum ad minim nisi ut reprehenderit cillum nisi anim.',106.27,183.332,268.395,'2021-02-05',16613,4933156),(43911750,'https://picsum.photos/id/750/300/300',750,'Escenta laborum ipsum','aec835c2-3b13-4ab0-ba70-99583fba9926','Ex sint do veniam incididunt cupidatat duis sint sint.',173.819,270.883,254.212,'2016-06-07',16502,6305130),(44037228,'https://picsum.photos/id/228/300/300',228,'Premiant occaecat aute','dff2247c-4534-4fed-a83c-aeb5ac2178c7','Aute laborum laboris mollit adipisicing non.',95.8014,216.405,196.748,'2014-11-28',10288,327023),(44178433,'https://picsum.photos/id/433/300/300',433,'Nipaz cupidatat proident','10dedddc-1142-4e93-be43-2615ea11a32b','Aliqua consequat deserunt ullamco sint qui excepteur id reprehenderit.',111.223,231.866,187.258,'2014-10-23',75712,263240),(44271915,'https://picsum.photos/id/915/300/300',915,'Mantrix velit anim','a789743f-7c46-4cea-b8de-70f7a5196722','Culpa reprehenderit aute culpa excepteur.',123.658,189.111,256.886,'2021-05-19',34367,9328109),(44344159,'https://picsum.photos/id/159/300/300',159,'Skyplex dolor aute','5ec55b55-4535-47a5-8ba5-e89c7e7d0764','Ea aute pariatur officia pariatur cupidatat.',156.418,278.585,252.807,'2015-02-28',34898,5610176),(44345491,'https://picsum.photos/id/491/300/300',491,'Combot labore ipsum','336f3759-1b87-4030-b711-d489760d00e3','Tempor aliquip do aliquip labore sint.',129.807,233.063,218.322,'2016-09-15',80514,788519),(44355205,'https://picsum.photos/id/205/300/300',205,'Velity sunt qui','66ba0658-923d-4ef1-86a4-2d67d4f9d14b','Pariatur reprehenderit Lorem aliqua ipsum in.',102.115,235.914,195.671,'2016-07-22',72723,467829),(44549682,'https://picsum.photos/id/682/300/300',682,'Vicon velit proident','7a01deff-1afa-4e90-a2b0-fc58b641dc4e','Aute nulla id laboris laborum do.',112.091,186.697,204.576,'2022-02-26',45810,6984282),(44630641,'https://picsum.photos/id/641/300/300',641,'Oceanica velit enim','88b77b3d-631e-4d47-8ec8-8e4956cef286','Voluptate mollit excepteur id voluptate nostrud est sint laboris exercitation eiusmod et.',158.478,182.736,199.6,'2017-10-29',99798,426477),(44725668,'https://picsum.photos/id/668/300/300',668,'Eclipsent ut nisi','23d0443d-48e7-4b65-8f52-6d58c97a6877','Minim eiusmod exercitation fugiat reprehenderit qui esse laboris non incididunt commodo dolore aliquip Lorem.',175.341,198.129,277.352,'2014-02-13',53046,5685292),(44936748,'https://picsum.photos/id/748/300/300',748,'Satiance cupidatat et','10ba8755-e97f-4a5f-8999-605389bc4d91','Culpa voluptate reprehenderit qui elit excepteur ex id reprehenderit sit occaecat.',125.87,185.747,249.046,'2015-01-23',93939,5610176),(44963980,'https://picsum.photos/id/980/300/300',980,'Zoxy culpa ipsum','3a7383ba-c358-47ff-b471-f4a8555840c5','Officia elit consequat amet irure.',141.201,191.171,208.518,'2019-03-09',50926,3266115),(45100429,'https://picsum.photos/id/429/300/300',429,'Koogle cillum est','21ba6cb8-1779-4ae0-8e02-991fbcb6c82a','Occaecat anim tempor nisi non velit.',131.779,269.932,266.171,'2015-04-13',68751,405767),(45335949,'https://picsum.photos/id/949/300/300',949,'Zorromop veniam non','37a3cc83-46fb-4142-930f-f5c116e2de61','Eu nostrud exercitation proident laboris sunt Lorem ad consectetur sit pariatur irure.',158.915,240.56,208.066,'2022-07-27',69507,1160249),(45366155,'https://picsum.photos/id/155/300/300',155,'Medifax cillum exercitation','36980e87-3592-4f1f-8b17-2b17aefccbae','Consectetur consectetur quis aliqua sit ex non enim.',97.6079,270.502,255.562,'2015-11-04',77182,15745),(45388426,'https://picsum.photos/id/426/300/300',426,'Imkan dolor aliqua','fb445cc1-ce16-498c-b172-027ac6adb3c9','Sunt ullamco duis nisi culpa voluptate officia consectetur.',128.142,225.191,210.925,'2021-09-12',82442,3815169),(45574107,'https://picsum.photos/id/107/300/300',107,'Proxsoft elit ipsum','2569efe8-6cb2-4d37-90cd-add4db71d1c2','Quis sunt et cillum tempor esse consequat id aliqua.',126.391,267.33,255.25,'2019-04-14',12596,738382),(45586480,'https://picsum.photos/id/480/300/300',480,'Comvey Lorem deserunt','fa5d1dcb-8a01-4ca4-9c68-73e8184f8797','Non ad est minim sunt est amet officia cupidatat elit excepteur.',99.9929,272.755,211.977,'2019-02-07',87764,7100144),(45668329,'https://picsum.photos/id/329/300/300',329,'Tasmania non adipisicing','d460b707-6aaf-4e03-aa4f-c5a63f282ccb','Sint elit enim aliqua velit laborum commodo ex aliqua pariatur.',175.749,239.446,192.195,'2018-01-27',82814,5046247),(45693697,'https://picsum.photos/id/697/300/300',697,'Collaire laborum culpa','985209a0-18de-4137-8e44-45f73cf82ec3','Aliquip reprehenderit nulla sit ex nostrud ut laboris Lorem laborum.',117.243,252.679,231.153,'2019-11-23',56839,698665),(46127316,'https://picsum.photos/id/316/300/300',316,'Deviltoe sit cillum','dfdb636c-e945-4770-be94-fd77d83a2290','Et aute magna ea sit in laboris.',117.004,257.16,215.17,'2014-11-16',86064,7679243),(46172456,'https://picsum.photos/id/456/300/300',456,'Architax pariatur nulla','5dbd7f9d-a656-4308-867b-7ca55d4e7be9','Ut quis nulla irure aute ea adipisicing elit laborum elit.',125.431,217.318,230.981,'2022-05-29',65807,724455),(46255941,'https://picsum.photos/id/941/300/300',941,'Telepark dolor sit','b60c3176-d71b-4d7e-82d1-1dfc7149efa8','Nulla proident culpa veniam non labore.',118.385,234.836,254.911,'2018-06-13',94681,6305130),(46320313,'https://picsum.photos/id/313/300/300',313,'Digitalus labore esse','058e86d0-07b8-448d-8b89-e225ffa936ef','Dolore nulla eu eu aute.',157.687,248.344,267.099,'2015-02-10',76441,8437265),(46503989,'https://picsum.photos/id/989/300/300',989,'Netur deserunt ad','07a9e077-fcd2-4b1c-8f9c-d08ffb722113','Aliquip fugiat minim ad in cillum nulla sit culpa aliquip culpa Lorem non officia minim.',145.262,233.365,252.373,'2022-09-08',77958,8303173),(46682692,'https://picsum.photos/id/692/300/300',692,'Qiao non excepteur','caec6fd2-7da5-496e-8978-a6222c98c65b','Id non mollit excepteur aute esse occaecat labore dolore pariatur eiusmod nulla consequat est aute.',132.147,205.353,216.29,'2014-11-23',81819,6998263),(46686637,'https://picsum.photos/id/637/300/300',637,'Anivet eu ad','7f0c45b4-68a1-4172-9c27-8f89fb35c637','Ipsum nostrud dolore do laboris Lorem veniam sint pariatur laboris nulla veniam elit est aliqua.',175.448,183.882,246.605,'2015-09-18',44435,8688258),(47564867,'https://picsum.photos/id/867/300/300',867,'Hydrocom adipisicing enim','080f7f30-f7d5-40da-9a72-3c8edd53623d','Magna aliquip commodo qui consectetur exercitation magna eu consequat deserunt consequat commodo.',109.865,225.368,218.106,'2022-08-19',97788,9336157),(47889826,'https://picsum.photos/id/826/300/300',826,'Inrt est cillum','9681bc8c-3c4b-438d-be6b-9552255d3d2d','Dolore velit sint veniam minim nisi Lorem est officia.',102.277,278.069,204.583,'2015-10-23',70129,9396239),(48036920,'https://picsum.photos/id/920/300/300',920,'Bizmatic ad dolore','b434c065-7aa2-4b4a-9ddf-31f342771302','Nisi sint sunt ipsum qui do ea.',136.334,241.308,188.47,'2015-03-11',13932,580574),(48064565,'https://picsum.photos/id/565/300/300',565,'Enersol occaecat eu','ed56d9af-15bb-4ea6-88a6-dfc4df270359','Amet cillum dolor anim labore eu do minim laboris commodo nulla mollit.',114.433,250.51,238.442,'2020-08-27',29994,2691219),(48085398,'https://picsum.photos/id/398/300/300',398,'Uneeq enim nisi','4d06acf7-7869-4a00-a8fd-8636a4952e0c','Nostrud est officia id incididunt cupidatat fugiat irure labore in esse proident reprehenderit.',99.3083,273.16,273.451,'2020-09-13',27714,7381124),(48111869,'https://picsum.photos/id/869/300/300',869,'Toyletry exercitation magna','f08b7dde-577d-46cc-ae0d-9afed0a5bc46','Id aliqua anim nisi reprehenderit ipsum voluptate.',130.145,215.54,189.535,'2019-02-03',15790,370754),(48219782,'https://picsum.photos/id/782/300/300',782,'Orbiflex incididunt elit','60bf2107-6a77-4bf5-8d35-08022a313838','Fugiat elit id adipisicing mollit non ea laboris duis pariatur velit sit qui duis.',174.574,251.039,239.632,'2014-07-16',97897,3523127),(48341123,'https://picsum.photos/id/123/300/300',123,'Zounds ex ex','e43dc178-9686-43f7-a329-ff551e502ab6','Anim occaecat laboris duis excepteur aliqua laboris in laborum.',145.164,256.186,258.491,'2022-08-29',80026,9529147),(48634707,'https://picsum.photos/id/707/300/300',707,'Xsports dolor non','b1733c93-8f8c-49b3-9492-8b6686adce02','Excepteur elit minim elit excepteur sint labore sunt aute proident mollit aliqua.',119.324,186.095,267.447,'2018-02-01',47652,6377191),(48638190,'https://picsum.photos/id/190/300/300',190,'Idetica nostrud eiusmod','7a01f71d-18e3-48ed-a71d-763d0c3bdf2e','Pariatur pariatur ipsum fugiat minim proident incididunt nulla consectetur et incididunt.',120.32,218.913,267.251,'2018-02-05',57194,4883203),(48660221,'https://picsum.photos/id/221/300/300',221,'Solgan ea esse','c90d285c-6e9f-429a-ad83-dcb047b12d71','Ipsum duis eu deserunt non.',98.5875,221.263,196.849,'2020-02-29',21343,8476131),(48696592,'https://picsum.photos/id/592/300/300',592,'Tetak culpa dolor','68aeae4f-4ba6-4e40-8261-015e539e612a','Sit culpa sunt velit fugiat voluptate qui quis fugiat magna esse velit.',164.092,221.962,235.112,'2018-08-02',14931,1685270),(48725786,'https://picsum.photos/id/786/300/300',786,'Quinex nostrud ea','20ccfc3d-2ee2-4713-9a5d-b3323217620d','Ullamco sint fugiat ullamco incididunt proident amet.',187.18,183.262,233.437,'2018-07-22',40900,2680218),(48869476,'https://picsum.photos/id/476/300/300',476,'Vortexaco laboris culpa','d62de627-407c-46d1-ba14-732b9cb3ca65','Sit consequat commodo consectetur dolor esse cupidatat cillum duis.',106.813,192.88,207.818,'2016-01-16',52023,2038271),(48877233,'https://picsum.photos/id/233/300/300',233,'Kongene consequat eu','71da8a07-4e68-4aad-a0a4-b069c6f0a889','Aliquip sunt non exercitation excepteur exercitation aute dolor.',153.063,255.074,249.864,'2018-09-22',46610,828639),(48988157,'https://picsum.photos/id/157/300/300',157,'Corpulse exercitation voluptate','0240a07c-df72-4364-832e-c1039de9c2b8','Dolor occaecat nostrud consequat aliqua incididunt laboris magna in minim reprehenderit quis laborum.',160.767,237.909,210.936,'2020-06-27',90472,3901117),(48995336,'https://picsum.photos/id/336/300/300',336,'Hairport consectetur elit','ed292606-96a1-470c-9ff7-b3b66d7dba16','Ea veniam officia nulla deserunt elit duis enim commodo pariatur.',108.816,257.568,225.11,'2020-08-11',92322,8456267),(49043508,'https://picsum.photos/id/508/300/300',508,'Acumentor cillum cillum','502d0a81-bfe4-4d0a-a6d3-79295044eb15','Dolor sint laboris velit dolore.',161.817,213.548,251.456,'2021-01-12',31310,4186101),(49124709,'https://picsum.photos/id/709/300/300',709,'Shadease aliqua ut','7be27955-1e17-4a4f-b99f-90ba845fc158','Ad cillum nulla id anim reprehenderit.',150.494,217.176,202.886,'2014-06-11',89100,246887),(49135523,'https://picsum.photos/id/523/300/300',523,'Elentrix duis irure','6d2243b4-3b76-4a53-8f46-41d912ce6bc9','Amet magna in nulla commodo id et mollit aliqua irure et proident pariatur voluptate non.',158.303,232.449,232.125,'2015-10-12',30953,5613209),(49173296,'https://picsum.photos/id/296/300/300',296,'Boink minim laboris','d943fbfe-097c-4fe3-8933-844d51c3c373','Minim consequat ex id officia eiusmod adipisicing sit est reprehenderit minim elit laboris proident.',118.847,249.919,265.024,'2019-09-16',70642,9076194),(49199538,'https://picsum.photos/id/538/300/300',538,'Pearlessa duis in','786d9d1d-3be9-4f9a-b961-0bf69124b7d3','Velit dolor excepteur incididunt occaecat consequat occaecat ea et magna in et.',115.021,214.851,234.338,'2021-08-11',67383,668985),(49304793,'https://picsum.photos/id/793/300/300',793,'Primordia ut proident','6745ae44-2ba9-40e3-919b-d1851dc820ec','Consectetur dolor non nostrud nostrud reprehenderit culpa magna adipisicing veniam.',177.385,189.294,260.604,'2018-03-20',99587,3266115),(49315396,'https://picsum.photos/id/396/300/300',396,'Buzzworks labore cillum','6074f772-df8e-4049-b1c9-5fa1d8438bea','Do qui voluptate ea elit ad non enim in consectetur ut.',152.768,250.584,242.707,'2017-02-28',42387,512160),(49434378,'https://picsum.photos/id/378/300/300',378,'Capscreen aliquip ullamco','5df6f2a5-21f4-4801-9344-c4170a29ea3d','Proident fugiat ex ex fugiat duis non veniam Lorem qui sunt culpa officia ea.',187.196,244.283,182.553,'2022-06-25',70894,5868152),(49668112,'https://picsum.photos/id/112/300/300',112,'Valreda aliquip ad','a915af61-7373-419f-915b-591ae609ebdf','Magna cupidatat aute excepteur deserunt excepteur ullamco labore ut.',155.371,202.912,186.251,'2015-09-10',96871,2038271),(49982881,'https://picsum.photos/id/881/300/300',881,'Infotrips aliquip est','3982f9f7-bbd0-4d38-83a3-097c8cfd9e62','Duis ullamco consectetur in aliquip laboris occaecat proident exercitation veniam cupidatat enim mollit reprehenderit.',125.562,262.524,226.858,'2014-05-06',93661,4752228),(50132247,'https://picsum.photos/id/247/300/300',247,'Canopoly nostrud nisi','572f189a-19d4-4fbe-b384-110c5172d392','Fugiat commodo non sint excepteur nostrud.',125.925,238.587,240.861,'2022-05-04',16391,7749244),(50136149,'https://picsum.photos/id/149/300/300',149,'Wazzu consectetur est','a9a534c2-2e1f-4281-99f5-9c5f7b3a4f81','Aliqua ex fugiat consectetur consequat cupidatat ad.',171.387,250.598,251.157,'2016-07-24',23769,3985107),(50218720,'https://picsum.photos/id/720/300/300',720,'Portico ut non','89cad077-b743-483f-9ba0-dcaca5f9bcb6','Labore duis sunt ipsum nisi elit pariatur officia do Lorem consectetur nisi anim.',189.801,185.002,209.177,'2016-09-07',59735,2739264),(50391517,'https://picsum.photos/id/517/300/300',517,'Comveyor aliquip deserunt','eafa94fa-27d2-423c-ab9f-1a3883d47244','Sunt anim ea cillum enim aute mollit eu cupidatat dolor magna officia amet.',138.786,185.618,263.139,'2018-10-16',25051,8441166),(50490646,'https://picsum.photos/id/646/300/300',646,'Bovis eu sunt','e393a961-6cbc-4845-8b86-494db95e3932','Pariatur dolore eu eu nulla exercitation do aliqua aute cupidatat qui dolore ex occaecat.',174.852,250.989,224.076,'2018-09-06',69891,5461171),(50618100,'https://picsum.photos/id/100/300/300',100,'Intergeek reprehenderit sit','1dcf45cc-dee7-411b-9561-dc782b850b34','Officia anim cupidatat velit pariatur ad aliquip.',145.849,196.91,207.41,'2022-08-10',18357,466027),(50814778,'https://picsum.photos/id/778/300/300',778,'Prowaste non minim','3f5ec74e-4705-44c6-b90f-56a9f8dcf2ac','Adipisicing occaecat excepteur enim nisi commodo commodo voluptate ut.',138.327,195.212,246.709,'2017-10-08',87518,2310180),(50818317,'https://picsum.photos/id/317/300/300',317,'Zork est reprehenderit','a8f5c95b-8aed-4cd6-8c11-64f5204e4720','Et commodo reprehenderit excepteur est pariatur ullamco laborum ut ad aliquip ullamco commodo.',103.504,264.121,229.952,'2020-06-03',29066,6835216),(50985897,'https://picsum.photos/id/897/300/300',897,'Gleamink nisi cupidatat','ba3108cb-8649-498c-bba5-b74c15799648','Culpa amet eiusmod ullamco aute laboris culpa enim eu laborum.',121.886,243.957,191.114,'2016-09-10',15552,2451141),(51023178,'https://picsum.photos/id/178/300/300',178,'Comvene sit ex','a92328c9-18ea-43ed-a871-4eb9e21ec65d','Proident cupidatat enim aliqua aliqua excepteur incididunt id in dolore laboris pariatur anim.',154.665,270.67,251.301,'2021-09-10',62644,762742),(51074774,'https://picsum.photos/id/774/300/300',774,'Krog fugiat ullamco','6a6063a2-d605-48f8-943b-7a47c8064e60','Quis sunt commodo enim ullamco.',135.01,183.876,239.02,'2022-10-07',78553,2691219),(51341535,'https://picsum.photos/id/535/300/300',535,'Neurocell sit ut','e60f3df9-e86f-4263-b3ff-edc4657c3217','Excepteur irure labore veniam magna dolore pariatur anim.',170.252,274.762,214.123,'2015-11-11',36238,1028272),(51622421,'https://picsum.photos/id/421/300/300',421,'Ecratic minim voluptate','7680275d-a777-40bf-a7bd-b24d1aef8b1e','Mollit culpa proident sit id amet.',109.24,202.026,265.217,'2017-10-30',29149,2036137),(51624855,'https://picsum.photos/id/855/300/300',855,'Biospan dolor magna','c700c815-e6bd-4a2e-828d-25b3f40f3002','Fugiat non excepteur enim irure fugiat.',102.74,250.756,200.048,'2021-09-09',80049,3206299),(51745607,'https://picsum.photos/id/607/300/300',607,'Quonk mollit enim','83d0674c-be23-45e0-b3c6-ba2d2fb1701c','Officia laborum aute voluptate mollit fugiat ad nostrud irure anim dolor occaecat aliqua.',117.885,194.691,221.98,'2020-01-01',91036,8431245),(51793971,'https://picsum.photos/id/971/300/300',971,'Kyagoro et sunt','daf49893-83fe-4600-ad9e-aef4f0aaebc7','Minim dolore cupidatat consectetur et.',153.544,219.167,264.099,'2021-01-05',61710,370754),(51816209,'https://picsum.photos/id/209/300/300',209,'Zoinage esse incididunt','bde3338b-2f00-404e-80a1-4a40ff9284b0','Qui laborum cupidatat nostrud enim nisi.',103.476,259.914,213.304,'2021-02-07',94126,327023),(51846705,'https://picsum.photos/id/705/300/300',705,'Assistia pariatur exercitation','b2045d24-76c2-429e-9555-ff56d575af7f','Aute consectetur aliquip non Lorem voluptate sunt esse ad eiusmod mollit reprehenderit.',162.311,276.398,228.319,'2014-02-02',41232,832692),(51940714,'https://picsum.photos/id/714/300/300',714,'Ceprene consectetur amet','1ea33b12-8eb0-4f00-9edc-3a422517e30b','Adipisicing laboris consequat eiusmod Lorem adipisicing anim aliqua incididunt labore mollit veniam et enim.',112.969,209.378,192.425,'2020-08-16',68197,8126161),(52163562,'https://picsum.photos/id/562/300/300',562,'Anacho elit eiusmod','b9b784dd-4a74-4770-bf3e-4a76c733b425','Non nisi aliqua consequat dolore esse.',177.576,242.686,219.897,'2020-02-13',30992,9329205),(52405122,'https://picsum.photos/id/122/300/300',122,'Colaire tempor adipisicing','0722174e-f23a-4dda-abd2-d41c3c1695bb','Cupidatat minim est aliqua incididunt in velit ipsum labore.',165.033,269.274,211.565,'2015-06-17',65662,5783220),(52477968,'https://picsum.photos/id/968/300/300',968,'Bitendrex ipsum culpa','c5293060-49c3-4f97-bdae-e4a902a78b8a','Nulla laborum elit veniam esse labore ullamco cupidatat enim exercitation nisi elit exercitation consequat.',147.413,243.309,227.915,'2018-10-31',70058,5271116),(52517649,'https://picsum.photos/id/649/300/300',649,'Zilidium do est','e21d8dad-1a97-420e-b7d5-be1e45c63144','Quis in labore in nisi et quis occaecat.',148.07,203.581,244.898,'2015-09-14',25014,647231),(52541212,'https://picsum.photos/id/212/300/300',212,'Harmoney ex esse','53f61923-5cbc-4d19-a8cf-c7efb941df97','Sint tempor velit non tempor.',107.075,266.804,230.058,'2019-01-05',23466,8468129),(52541716,'https://picsum.photos/id/716/300/300',716,'Calcu cillum anim','290cb10b-35fb-4688-ae92-889aa8ec2885','Duis quis laboris laboris adipisicing veniam veniam enim non aliquip nulla.',90.2608,252.266,268.687,'2020-07-22',96284,5754105),(52588621,'https://picsum.photos/id/621/300/300',621,'Candecor elit elit','959bbc91-3a22-4e08-b5fc-8bfc6fc3396a','Irure esse sint consectetur labore minim id cillum voluptate nisi.',175.802,197.381,252.363,'2020-04-22',23807,4855291),(52682132,'https://picsum.photos/id/132/300/300',132,'Progenex Lorem eu','3177f6d9-15d0-4c11-885c-366ccfbdfddb','Sint adipisicing sunt veniam ex.',106.702,201.047,252.569,'2021-11-14',95371,9439125),(52759894,'https://picsum.photos/id/894/300/300',894,'Cincyr reprehenderit aliqua','12a9dcef-2d45-48c5-bb8e-231bf53a9a20','Ad adipisicing tempor consectetur velit commodo officia nisi aute pariatur et ullamco velit ut non.',144.164,181.964,268.231,'2019-09-26',83279,4354188),(52880581,'https://picsum.photos/id/581/300/300',581,'Martgo adipisicing incididunt','d4c14bd2-2f32-4c3a-a019-d501d0dde36c','Adipisicing dolor qui adipisicing adipisicing.',184.582,215.118,182.834,'2014-01-31',83235,9411237),(53074585,'https://picsum.photos/id/585/300/300',585,'Radiantix officia id','80cda774-921f-4976-a407-8814fdf827b7','Pariatur id incididunt dolore ullamco eiusmod deserunt exercitation dolor.',108.408,204.92,240.518,'2022-03-17',68405,677013),(53085839,'https://picsum.photos/id/839/300/300',839,'Organica consequat fugiat','ff7a01bf-9567-4ae9-9ad1-902624919188','Tempor culpa minim sunt quis aliquip.',173.045,237.676,273.72,'2015-12-25',93542,8456267),(53138516,'https://picsum.photos/id/516/300/300',516,'Flyboyz aute enim','fdbecf7f-6861-4701-8891-6026beada9f2','Ad culpa aute laboris proident ex minim.',158.475,210.818,207.932,'2021-11-15',60975,20786),(53163780,'https://picsum.photos/id/780/300/300',780,'Microluxe deserunt incididunt','5c893c55-0944-4268-b6db-4a6bc0840fa6','Dolor et aute consectetur quis veniam nostrud amet voluptate non ipsum adipisicing.',94.0968,196.115,248.898,'2018-07-02',84903,484073),(53280526,'https://picsum.photos/id/526/300/300',526,'Gynko sunt proident','9df29b31-ffd9-4160-87fa-773fbe25c007','Nostrud do excepteur ut velit.',153.248,214.363,274.688,'2014-04-16',91780,327023),(53352290,'https://picsum.photos/id/290/300/300',290,'Teraprene aliquip ea','227ce10b-2a8f-419c-ae0d-52dc08e44833','Magna eiusmod ipsum dolore aliqua non adipisicing reprehenderit cillum qui ex excepteur reprehenderit quis.',103.957,261.761,273.158,'2016-12-17',54514,9226295),(53466257,'https://picsum.photos/id/257/300/300',257,'Biflex labore id','c72d7c1b-8dab-4e0e-aac8-9c058f71708d','Voluptate laboris cillum velit mollit excepteur excepteur.',103.431,207.97,236.417,'2022-09-08',97770,9627211),(53606151,'https://picsum.photos/id/151/300/300',151,'Zillanet qui qui','0c5fe5cd-45d2-4bcf-a22b-d7f9cc5903ef','Excepteur sit ullamco eu aute commodo officia ipsum exercitation pariatur eu ut aliqua est.',179.531,216.243,214.258,'2017-02-13',15664,6640217),(53752420,'https://picsum.photos/id/420/300/300',420,'Dognosis anim est','6c4fad53-c739-42f0-93d8-9dbfc88cff32','Officia anim eiusmod occaecat cupidatat nulla amet.',146.348,196.966,227.503,'2017-04-10',34258,6998263),(53758700,'https://picsum.photos/id/700/300/300',700,'Gology est consectetur','098ffd34-1af6-49b6-ab94-a9c8160d78ff','Exercitation aute ex dolor laboris cillum.',102.88,192.58,221.778,'2019-06-11',33731,6037149),(53866154,'https://picsum.photos/id/154/300/300',154,'Miracula quis consequat','3bd7f9ef-e412-4dd6-9451-ec66395ac773','Eiusmod occaecat eu et nisi adipisicing.',114.29,222.286,248.239,'2015-09-17',40112,8437265),(54091394,'https://picsum.photos/id/394/300/300',394,'Hivedom laborum nulla','af740b16-5e6c-49ed-ada4-221cbef622a4','Consequat irure culpa quis sint mollit proident.',165.672,206.313,215.149,'2014-05-13',63354,7098225),(54122489,'https://picsum.photos/id/489/300/300',489,'Unia irure nisi','a6cb9983-457d-400d-b635-002340f46659','Magna duis irure nostrud aute tempor nulla ex dolore ipsum irure qui ullamco sit.',149.53,196.884,223.424,'2015-04-03',93305,5776110),(54142529,'https://picsum.photos/id/529/300/300',529,'Pawnagra eiusmod occaecat','3623d07b-0c72-4a8f-bc61-9c4ef2d13edf','Sint deserunt velit amet proident veniam eiusmod.',167.486,263.205,259.865,'2022-07-09',49490,7100144),(54267519,'https://picsum.photos/id/519/300/300',519,'Extragen pariatur ut','6e4dfc49-b05d-4911-b2e0-caf95c9be286','Adipisicing eiusmod ea commodo do laborum eu ut fugiat qui exercitation.',144.772,247.503,233.572,'2016-06-14',91846,8521254),(54283407,'https://picsum.photos/id/407/300/300',407,'Gluid nulla id','6099a952-b72b-4821-908c-34e34cd90873','Deserunt exercitation dolore eu in aliquip sit dolor mollit non labore enim est.',164.319,234.392,222.711,'2014-02-18',45497,189746),(54386500,'https://picsum.photos/id/500/300/300',500,'Gadtron velit ex','cfdc3399-fa50-4ce7-9f3e-a565298fe1b0','Cillum proident nulla reprehenderit ut eu duis et.',134.107,235.405,272.028,'2014-08-03',70076,230052),(54453440,'https://picsum.photos/id/440/300/300',440,'Fibrodyne enim excepteur','e0af9346-7a56-4bc7-b547-9087ddc84707','Aliqua ullamco officia proident ex.',161.577,202.307,244.859,'2021-12-16',29009,9580112),(54496877,'https://picsum.photos/id/877/300/300',877,'Accel nisi deserunt','509c5a99-74e2-4b2c-8dbc-87f62487a1dd','Cillum culpa esse elit ad esse mollit.',136.42,234.855,237.565,'2016-05-01',62224,6212257),(54901365,'https://picsum.photos/id/365/300/300',365,'Housedown do ex','c7dcd7ef-f169-4728-a20b-12687d61afb5','Eu fugiat deserunt et reprehenderit pariatur.',144.39,233.983,230.899,'2018-07-29',94985,1300274),(54921685,'https://picsum.photos/id/685/300/300',685,'Rooforia nisi pariatur','c426ed92-3031-48b7-9043-73e4c8bf09f8','Cupidatat amet veniam commodo sit do culpa ullamco proident deserunt reprehenderit pariatur non nulla do.',104.343,247.372,203.01,'2014-10-23',21087,7810253),(54935611,'https://picsum.photos/id/611/300/300',611,'Farmex et velit','6e8ad460-5cbd-4308-8750-579bdb826ec2','Aute culpa nulla cillum proident consectetur consequat.',179.791,214.627,278.194,'2015-12-21',63121,512160),(55043295,'https://picsum.photos/id/295/300/300',295,'Globoil voluptate sit','b9813fea-be45-4749-b41a-188e939b3bce','Non nostrud amet incididunt deserunt pariatur irure officia tempor est Lorem adipisicing ex esse consequat.',175.906,278.454,181.568,'2021-08-01',50757,9847208),(55044955,'https://picsum.photos/id/955/300/300',955,'Opticom velit elit','a1ee680e-f4f7-40bb-b70c-fa348bffe5d5','Culpa do enim sunt eiusmod ex nulla magna anim nulla mollit non pariatur mollit tempor.',116.272,243.902,184.53,'2015-08-19',17343,1685270),(55117413,'https://picsum.photos/id/413/300/300',413,'Hatology mollit dolor','81dabe12-9727-4f3c-83a3-6c1d5ee378c6','Sunt adipisicing laboris sunt fugiat aliqua do Lorem magna excepteur.',104.11,244.106,243.72,'2018-07-06',53444,1685270),(55292963,'https://picsum.photos/id/963/300/300',963,'Zidant minim excepteur','967fd4e1-4cde-4449-8ddd-cdfa99e6cc71','Sit dolore tempor elit sint occaecat labore esse anim voluptate.',175.619,203.055,251.096,'2015-09-08',18981,1880269),(55513409,'https://picsum.photos/id/409/300/300',409,'Neteria ipsum ex','20594295-63cf-4223-be0e-1b4a22e50e81','Dolor dolore anim id incididunt quis.',127.059,276.386,198.141,'2017-09-13',67323,7743255),(55579571,'https://picsum.photos/id/571/300/300',571,'Insectus consectetur dolor','1f067f83-1d02-434d-b6f2-b4dee8ebb173','Non nulla fugiat laboris enim mollit reprehenderit officia nostrud deserunt exercitation voluptate eu.',113.061,221.605,257.414,'2022-08-03',77543,971364),(55753483,'https://picsum.photos/id/483/300/300',483,'Duflex eu officia','5148e546-d678-4938-935d-3a324ddbbd6d','Dolore magna aliquip ea adipisicing aliquip anim dolor ipsum cupidatat enim sint elit et minim.',93.0733,237.223,276.027,'2014-11-27',69600,9627211),(55842653,'https://picsum.photos/id/653/300/300',653,'Pharmex velit amet','6dc47ae9-c794-45df-ba65-a875650d3b38','Minim cupidatat ut cillum Lorem ipsum ipsum officia culpa laboris exercitation incididunt anim cillum.',163.751,210.887,188.567,'2014-05-21',99221,389281),(55930443,'https://picsum.photos/id/443/300/300',443,'Insuron officia aute','25722fbc-e03f-4363-b256-7ab2dd71c69d','Labore reprehenderit incididunt velit qui fugiat cupidatat dolor sit excepteur.',135.165,238.627,264.448,'2015-11-24',62871,6198175),(55963266,'https://picsum.photos/id/266/300/300',266,'Optique nisi deserunt','56136c94-4eb8-44bb-a27d-c7ed30257e86','Tempor enim duis magna ipsum aliqua ad eu.',129.006,229.789,219.948,'2016-04-14',75148,7100144),(56012731,'https://picsum.photos/id/731/300/300',731,'Gazak qui ullamco','409b9592-aa15-4408-8bc4-61ab4824aa3c','Magna minim ipsum excepteur occaecat adipisicing ea.',90.8397,235.353,181.016,'2017-12-05',13278,9445281),(56109704,'https://picsum.photos/id/704/300/300',704,'Glasstep est dolor','2b99fb9d-9fec-4a4a-bb21-5dfb6ab19848','Officia tempor in duis aliquip esse officia quis laboris.',125.24,267.501,193.459,'2019-02-11',76101,8441166),(56196656,'https://picsum.photos/id/656/300/300',656,'Geeketron tempor voluptate','1a0a83ff-c371-4333-8e6a-4be273063b4d','Exercitation laborum deserunt commodo laboris qui sunt adipisicing consequat sint occaecat.',138.818,200.864,209.711,'2021-01-18',79432,6198175),(56423539,'https://picsum.photos/id/539/300/300',539,'Aclima adipisicing ea','548e414e-4694-4b77-9e6e-3e187d564292','Commodo aliqua aute ipsum et laborum sint occaecat ea est ipsum.',186.162,253.075,266.344,'2015-06-16',84183,407628),(56431781,'https://picsum.photos/id/781/300/300',781,'Cofine adipisicing fugiat','201f6125-4321-4d56-a1e2-b523721b40bb','Aliqua sunt pariatur eu ea tempor consectetur incididunt officia veniam mollit pariatur amet et ad.',157.003,269.67,249.365,'2020-02-18',28051,8702179),(56660230,'https://picsum.photos/id/230/300/300',230,'Endipine officia consectetur','21dc96df-fd16-4928-9583-5c7653e4b486','Dolor eiusmod est aliqua veniam incididunt esse consequat duis voluptate.',173.122,211.806,241.53,'2018-11-27',24577,407628),(56723104,'https://picsum.photos/id/104/300/300',104,'Navir sunt ex','5ab9381b-6cbd-47c5-ad0b-8153887c908e','Fugiat est ex nostrud irure laborum in aute.',119.131,242.603,256.608,'2021-04-11',29461,7023293),(56737772,'https://picsum.photos/id/772/300/300',772,'Imaginart do officia','9ba50159-a383-4a2f-aba7-89e316b37167','Ullamco exercitation deserunt magna excepteur adipisicing officia eiusmod anim et dolor aute deserunt tempor.',95.4278,193.483,246.159,'2017-01-26',67867,3206118),(56808326,'https://picsum.photos/id/326/300/300',326,'Vendblend est id','746ba6be-01e9-4f1a-8d4c-00fbd2334a3c','Aliqua aliqua non incididunt incididunt aute eu consequat enim esse tempor id do nisi.',168.067,184.68,199.029,'2017-10-20',65281,4410246),(56974128,'https://picsum.photos/id/128/300/300',128,'Enquility laborum do','61f7275e-4cfa-40da-bce7-caadb3a0cdaa','Ut ullamco do labore ex consequat occaecat incididunt dolor labore aute sit non.',91.1127,222.867,265.769,'2019-04-25',35065,8126161),(57009138,'https://picsum.photos/id/138/300/300',138,'Enjola Lorem excepteur','1d13f4bc-cd60-4045-b20c-cd9d2c1f5ff3','Proident duis velit labore tempor labore velit amet deserunt mollit id qui Lorem laborum.',165.185,263.165,278.48,'2014-01-28',19199,8341233),(57335379,'https://picsum.photos/id/379/300/300',379,'Sybixtex id nulla','913e97d8-17ca-4b9b-8bf7-981ef1d60088','Tempor culpa laborum ullamco enim do pariatur ex qui consectetur.',106.794,209.484,250.354,'2020-02-21',41471,200457),(57358647,'https://picsum.photos/id/647/300/300',647,'Illumity occaecat culpa','67ea195b-dd43-4527-8e7f-faa3222a69e0','Culpa veniam officia veniam occaecat eiusmod cupidatat velit et culpa in.',158.436,219.647,184.849,'2020-06-28',74109,7239133),(57392406,'https://picsum.photos/id/406/300/300',406,'Noralex anim anim','d696ec51-b8eb-45d6-9a5b-00901145ba78','Deserunt sit aliqua aute veniam exercitation laborum sit nulla pariatur consequat.',108.297,223.489,269.996,'2018-03-02',47212,5754105),(57422506,'https://picsum.photos/id/506/300/300',506,'Quarx duis dolor','aa6174e3-faba-451d-b7e6-8f62a3df3791','Commodo sunt sunt anim velit commodo.',100.235,255.067,180.191,'2021-02-12',40560,8431245),(57573815,'https://picsum.photos/id/815/300/300',815,'Recritube est aliquip','ac3d28ee-72a9-4fd4-a176-bafc34fc6af2','Quis ipsum mollit enim dolore nostrud elit.',99.4854,190.565,224.841,'2021-10-16',90314,7553172),(57598534,'https://picsum.photos/id/534/300/300',534,'Daycore labore est','7f8050cd-22a3-4258-a104-68ba4d84d393','Ipsum anim incididunt nulla ad.',153.942,206.214,208.222,'2016-11-13',77738,512160),(57623148,'https://picsum.photos/id/148/300/300',148,'Acusage culpa aute','60f2b68b-7755-41db-91f5-da76aea30618','Irure eiusmod ut in deserunt eu aute ut ut nostrud.',121.442,233.822,275.851,'2014-09-30',57478,9279187),(57796199,'https://picsum.photos/id/199/300/300',199,'Hyplex tempor sunt','fe509870-accc-430d-8c15-b7f97ce7f50f','Id nisi ut commodo est dolor deserunt irure magna anim fugiat magna ullamco aute.',125.909,275.979,181.079,'2017-04-05',26438,8533163),(57833444,'https://picsum.photos/id/444/300/300',444,'Kraggle minim qui','865ab814-f856-4010-86b7-be9800043596','Proident est cillum excepteur ad nulla irure.',178.244,248.728,236.046,'2016-11-17',61545,474641),(57844381,'https://picsum.photos/id/381/300/300',381,'Printspan minim Lorem','83be6d96-995f-40bc-94ca-8f9bb56bd57a','Proident ad officia adipisicing minim duis.',135.909,252.119,255.092,'2022-04-24',64858,3815169),(57873801,'https://picsum.photos/id/801/300/300',801,'Zillidium do veniam','cbc69c27-0120-4bb4-9e30-163463d2edf5','Est mollit eiusmod tempor aliquip minim tempor est excepteur aliqua duis.',172.655,197.145,213.048,'2018-04-17',64833,101838),(57999318,'https://picsum.photos/id/318/300/300',318,'Tropoli cupidatat reprehenderit','cad20fd0-987b-4a99-8d76-8339a2cd3f47','Reprehenderit ipsum cupidatat sit qui cillum ex incididunt occaecat cillum ipsum dolor culpa.',149.13,265.878,245.826,'2018-07-08',22812,5832241),(58088950,'https://picsum.photos/id/950/300/300',950,'Pulze deserunt nulla','69f97a9d-b095-4740-b60a-dac8e4e57e24','Aliquip elit Lorem aliquip elit excepteur ullamco.',108.237,276.305,219.731,'2015-10-14',62282,7749244),(58130189,'https://picsum.photos/id/189/300/300',189,'Lingoage amet dolore','778fd64a-ab0e-4435-924f-fd685a967f30','Sint excepteur officia minim elit voluptate officia tempor aliqua aute.',174.46,201.702,197.312,'2014-07-04',26398,4822114),(58329845,'https://picsum.photos/id/845/300/300',845,'Imageflow aliqua do','8a212319-12f9-4584-ba6e-559a81e567b6','Officia deserunt anim esse anim quis elit consequat veniam irure ipsum nulla voluptate cupidatat.',140.35,224.499,220.628,'2021-09-24',43579,405767),(58579282,'https://picsum.photos/id/282/300/300',282,'Manglo nisi voluptate','13aa33ef-b17e-4f4b-b68e-4945f39ba380','Ut commodo ea ad elit aliquip excepteur.',141.893,256.49,276.692,'2017-11-05',60904,8341233),(58627431,'https://picsum.photos/id/431/300/300',431,'Ovation exercitation id','a00f33d9-10a6-48b9-a98f-6963af16c7f9','Fugiat cillum tempor consequat aliqua nostrud adipisicing amet esse cupidatat ad dolor anim est adipisicing.',184.017,204.673,202.939,'2019-03-30',35811,9383159),(58711962,'https://picsum.photos/id/962/300/300',962,'Exovent ea minim','7d9107e7-6dba-4bb6-a562-c428c51b7886','Est et ex excepteur dolore elit pariatur qui pariatur.',123.91,208.937,201.381,'2016-10-07',61357,731896),(58719798,'https://picsum.photos/id/798/300/300',798,'Zinca mollit nisi','a8f6ef8a-e69a-49fe-8d1b-d430fc85f009','Aliquip duis quis amet amet laboris voluptate consectetur esse fugiat consectetur id voluptate.',189.359,236.734,214.176,'2015-04-03',37599,6835216),(59054441,'https://picsum.photos/id/441/300/300',441,'Fuelton sint anim','9f74179b-a3b3-4758-91c2-864dfa173f5e','In qui quis sint officia sint ullamco commodo anim cupidatat id tempor tempor officia.',127.189,184.684,279.41,'2021-03-29',95788,796162),(59072872,'https://picsum.photos/id/872/300/300',872,'Sentia nulla non','cf2e366b-5822-4a98-b9b8-b842c85a41f7','Id reprehenderit cupidatat et enim veniam elit tempor aute minim duis incididunt.',179.382,277.369,202.978,'2022-10-23',63811,9226295),(59176671,'https://picsum.photos/id/671/300/300',671,'Kozgene nisi nulla','81095ab3-f0ec-4fee-a576-ba4bb40ee855','Qui quis eiusmod aliquip anim nostrud sunt aute mollit do cupidatat ut voluptate quis nostrud.',115.155,190.426,278.961,'2020-10-08',48917,9832294),(59235308,'https://picsum.photos/id/308/300/300',308,'Bytrex officia cupidatat','9d33875b-dfb1-4696-aa24-7187642984eb','Mollit ipsum ex deserunt pariatur est culpa dolore.',154.015,212.403,214.991,'2020-03-29',29802,512160),(59344548,'https://picsum.photos/id/548/300/300',548,'Fossiel cillum cillum','38ffe88e-3f90-4255-bc01-65380e35eb9a','Enim ea occaecat aute magna veniam non excepteur officia ipsum excepteur elit ea exercitation.',167.869,241.429,256.779,'2015-01-17',64107,4846178),(59691927,'https://picsum.photos/id/927/300/300',927,'Orbean pariatur do','1d5fb40d-5e88-46b3-952c-2ad81cc3ce76','Do minim sit pariatur Lorem deserunt aliquip non qui minim velit voluptate.',162.912,186.699,223.746,'2014-04-16',66629,323016),(59841851,'https://picsum.photos/id/851/300/300',851,'Parleynet enim eu','a5ce1d83-0055-4bd4-a736-e33cf7f6e551','Do incididunt et elit Lorem tempor et eiusmod quis cupidatat duis cillum.',175.065,189.742,207.37,'2016-02-28',35883,6659260),(59960832,'https://picsum.photos/id/832/300/300',832,'Kengen excepteur ea','ad9ed3d5-fdf8-488e-872c-04c827eb5f28','Est in nostrud laborum culpa nisi in.',109.226,181.335,191.985,'2022-02-12',76965,713053),(59997996,'https://picsum.photos/id/996/300/300',996,'Waterbaby enim dolore','304f02bf-a470-4103-bed2-f043bfeb5007','Esse fugiat labore ipsum veniam amet dolore proident.',128.237,183.822,279.379,'2015-02-20',89166,13138),(60145667,'https://picsum.photos/id/667/300/300',667,'Avit laborum officia','2589274d-5cf3-4bbe-a1d0-61b562ef22ad','Mollit sit consectetur qui aute sint do consequat velit proident consequat quis enim.',175.471,262.735,223.595,'2021-06-25',17955,6471207),(60148914,'https://picsum.photos/id/914/300/300',914,'Applidec nostrud est','1946ef58-02b1-4c75-9171-1a93ed5d7036','Nisi tempor proident occaecat voluptate adipisicing aute elit elit sit.',131.3,234.077,220.748,'2015-11-17',81174,9445281),(60217511,'https://picsum.photos/id/511/300/300',511,'Fiberox tempor exercitation','fcd97862-4ed7-484b-bdcb-7b42d18aa65d','Velit enim commodo elit cillum qui reprehenderit fugiat exercitation exercitation proident labore eu ipsum.',104.459,186.054,220.537,'2021-07-14',86253,6198175),(60223706,'https://picsum.photos/id/706/300/300',706,'Geekology ea ut','696c9b66-c494-43a6-b995-59e874262dc1','Elit qui nisi duis eiusmod pariatur nisi eiusmod eiusmod Lorem exercitation.',97.3358,250.179,180.002,'2019-06-05',81041,5046247),(60349853,'https://picsum.photos/id/853/300/300',853,'Magneato elit exercitation','42c44dfd-89af-44ca-a26b-41541c6b76a4','Pariatur ad occaecat anim esse consectetur culpa amet reprehenderit elit esse ut et nisi deserunt.',98.2566,253.447,259.959,'2021-01-08',45696,5685103),(60536460,'https://picsum.photos/id/460/300/300',460,'Pyramia id proident','c98bf440-3093-4a09-a01b-cbdf53f99ef6','In consectetur eiusmod excepteur deserunt duis occaecat laborum cillum.',109.147,265.026,273.698,'2018-10-31',56953,3670197),(60592327,'https://picsum.photos/id/327/300/300',327,'Retrack esse deserunt','c085f795-a2b0-4fdc-909c-0c202d690b57','Dolor ea mollit commodo labore veniam.',135.213,197.526,264.113,'2015-11-26',20450,3614108),(60681956,'https://picsum.photos/id/956/300/300',956,'Chillium exercitation adipisicing','cb5fa4bd-4982-444c-9a0f-49847fb45fb4','Eu elit Lorem laborum pariatur qui Lorem laborum occaecat occaecat.',176.592,192.178,214.804,'2014-10-13',76766,9663227),(60706588,'https://picsum.photos/id/588/300/300',588,'Plasmox voluptate esse','447c7f10-2007-4b10-8604-aac1387ae10d','Sit ipsum non nostrud eu nostrud consectetur veniam laboris veniam.',141.167,187.695,181.986,'2019-04-02',47621,5231190),(60762959,'https://picsum.photos/id/959/300/300',959,'Eargo excepteur exercitation','3a9be4ed-7967-42ff-a431-f4a11b277995','Magna tempor consectetur et enim enim elit duis non deserunt Lorem dolor fugiat qui.',158.23,208.031,244.1,'2016-06-27',63559,7409250),(60835804,'https://picsum.photos/id/804/300/300',804,'Inventure culpa ullamco','0e0aeb0b-f3fe-4355-89b2-ef378dfd9133','Anim mollit dolore ullamco exercitation proident qui tempor anim duis fugiat minim enim.',148.804,201.415,213.805,'2017-07-29',92231,1212106),(60852179,'https://picsum.photos/id/179/300/300',179,'Viocular tempor cillum','5caede0c-c898-4108-8044-b3724a3351c1','Deserunt incididunt enim velit adipisicing tempor occaecat qui irure ullamco amet aliquip sunt incididunt.',149.652,212.208,271.927,'2017-08-18',15291,9830153),(60922609,'https://picsum.photos/id/609/300/300',609,'Besto sit dolore','806a1f07-0ab4-4028-a1c5-c3a53b0c9992','Eu in amet dolore nulla incididunt cupidatat pariatur Lorem cupidatat aliquip cupidatat duis incididunt.',170.989,184.236,220.8,'2017-05-12',80475,6107224),(60939459,'https://picsum.photos/id/459/300/300',459,'Zillacom do veniam','fd39f05f-2ff5-4755-b510-5fa9bea856b9','Id cillum consequat eiusmod amet dolore officia non ullamco sint.',169.887,227.702,261.388,'2018-02-05',84039,4846178),(60965496,'https://picsum.photos/id/496/300/300',496,'Macronaut amet voluptate','d3fd6c7d-b90e-44e6-9231-5a0440d896ff','Lorem voluptate magna eu deserunt.',183.982,225.568,216.036,'2018-10-27',66712,9830153),(61099193,'https://picsum.photos/id/193/300/300',193,'Insuresys enim id','3edcd71f-0d3b-4ea2-87b8-6f3c5c0db8f5','Aute voluptate in quis incididunt cupidatat irure tempor laboris nostrud.',132.763,242.388,255.953,'2021-10-13',74853,8053266),(61156486,'https://picsum.photos/id/486/300/300',486,'Klugger est reprehenderit','c1de62f2-b1c5-4d00-afb1-ba40cb98bfc9','Sint sint laborum dolor deserunt cupidatat velit consequat nulla est laboris.',157.329,252.938,218.746,'2015-06-26',60875,310217),(61323985,'https://picsum.photos/id/985/300/300',985,'Codact irure est','f710929b-5402-4c73-b867-22ae73fff100','Lorem aute deserunt reprehenderit labore elit cupidatat excepteur.',146.773,223.103,202.772,'2019-05-04',42827,3897210),(61359629,'https://picsum.photos/id/629/300/300',629,'Supportal sit mollit','4c743f51-e945-404d-a664-a91a20be5a25','Culpa sit sint sit nulla nisi irure.',153.413,239.765,209.439,'2017-07-20',22738,2833122),(61373606,'https://picsum.photos/id/606/300/300',606,'Endipin veniam aliquip','39ccee38-7b2b-40ee-be82-73adfd2f58ca','Et do nostrud cupidatat proident.',131.375,184.555,198.038,'2019-09-03',69079,7010280),(61496495,'https://picsum.photos/id/495/300/300',495,'Enerforce veniam culpa','1aea1342-fc3b-4eab-9c5a-93fe7adb94e9','Sit ad magna do excepteur laboris voluptate culpa quis qui.',171.258,237.467,265.231,'2015-09-28',66623,3884212),(61507544,'https://picsum.photos/id/544/300/300',544,'Billmed sunt quis','58ee063e-3ad3-4b88-8a2a-efbac1d94316','Duis eiusmod Lorem veniam magna duis officia ad sunt aliquip excepteur aliquip.',167.756,224.389,183.931,'2019-01-13',79129,3943222),(61608596,'https://picsum.photos/id/596/300/300',596,'Nexgene duis aliquip','b318d188-d975-421c-a421-2ffcf26f5a8f','Deserunt nulla qui proident cupidatat reprehenderit officia.',127.418,250.735,182.903,'2017-05-16',88903,7679243),(61747540,'https://picsum.photos/id/540/300/300',540,'Eclipto est nostrud','62628dec-d226-451b-8640-a429e51521b9','Minim reprehenderit tempor laboris incididunt culpa aliqua nisi ullamco ut eu proident.',140.432,213.007,225.058,'2014-03-19',15192,2522164),(61759733,'https://picsum.photos/id/733/300/300',733,'Sureplex ullamco est','d7cb0d88-6f7f-488c-818d-c821bca60148','Voluptate est non qui Lorem esse elit laboris Lorem nulla magna commodo cillum officia voluptate.',95.644,232.892,187.651,'2019-07-29',32839,332968),(61770275,'https://picsum.photos/id/275/300/300',275,'Skybold commodo do','f8a63cfd-d4d1-4445-9950-db8cab877994','Reprehenderit proident dolore reprehenderit quis.',149.24,217.07,278.299,'2018-07-06',49820,8468129),(61779390,'https://picsum.photos/id/390/300/300',390,'Shepard Lorem mollit','495e7624-f286-44be-bd40-e82f982456ea','Exercitation excepteur do sunt reprehenderit qui id ex id do.',90.666,269.478,252.973,'2020-05-15',77492,5610176),(61791110,'https://picsum.photos/id/110/300/300',110,'Temorak ipsum dolore','4332a64f-2ef1-4e06-a258-8d89c225af3d','Sit sit enim non culpa.',162.007,212.007,271.11,'2021-01-20',32213,459888),(61793796,'https://picsum.photos/id/796/300/300',796,'Olympix duis nostrud','0f8066f4-19ad-4a6d-a203-54dd9adc2147','Eu laboris ipsum cillum aliquip laborum magna veniam in.',125.663,182.779,221.269,'2015-05-26',91714,9445281),(61851509,'https://picsum.photos/id/509/300/300',509,'Bulljuice do consequat','fdeaeeb5-e3dc-43f4-92c3-e331ad9a2356','Lorem pariatur sit anim aliqua ullamco veniam laboris amet nisi non ea sit veniam.',101.722,189.313,262.267,'2016-04-08',16915,5783220),(61973636,'https://picsum.photos/id/636/300/300',636,'Furnigeer id sit','3e01d24d-8c05-49a4-b06c-0c67aac0d677','Proident do aliqua do minim duis velit duis magna ullamco irure tempor tempor reprehenderit sunt.',142.539,219.767,215.136,'2022-07-07',20806,4556226),(62115255,'https://picsum.photos/id/255/300/300',255,'Netropic pariatur ipsum','81ec4174-992a-4ca8-9cfe-27119236f0b0','Eiusmod nulla laborum labore magna pariatur ex dolore culpa velit dolor labore nostrud consectetur magna.',172.677,273.697,187.458,'2018-07-17',98315,3505195),(62187602,'https://picsum.photos/id/602/300/300',602,'Acium occaecat commodo','639362b8-0cd4-4b68-acaf-dbd03e28f72d','Eu ipsum enim ex sunt.',122.275,195.439,232.281,'2019-02-19',33796,9279187),(62208974,'https://picsum.photos/id/974/300/300',974,'Zyple pariatur aute','e8edce90-6f3f-4763-8d2c-cec122cd596a','Aliquip voluptate magna irure proident ut tempor irure qui esse tempor.',146.907,264.879,238.888,'2021-09-30',25102,811076),(62602807,'https://picsum.photos/id/807/300/300',807,'Cyclonica laborum sint','6e68cf00-3dcd-4295-8d94-c6fbff181f76','Deserunt amet labore veniam voluptate tempor.',139.959,202.787,231.423,'2021-03-21',69427,407628),(62735265,'https://picsum.photos/id/265/300/300',265,'Futurize ad eiusmod','de26d4ac-8339-433c-8f89-e63b162e148f','Et Lorem laboris officia Lorem ipsum adipisicing.',171.185,232.632,191.605,'2021-07-19',45779,373534),(62759600,'https://picsum.photos/id/600/300/300',600,'Ludak minim consectetur','9cacbf70-03de-4354-ae11-e842d494262d','Deserunt cillum deserunt mollit tempor do mollit dolore non nostrud occaecat.',177.691,268.93,274.362,'2017-04-06',27547,587010),(62849439,'https://picsum.photos/id/439/300/300',439,'Geeky id voluptate','be07fe16-7825-4ae0-abf3-944529910158','Lorem et qui eiusmod exercitation duis esse magna.',175.32,195.944,273.752,'2017-12-22',50919,15745),(62898817,'https://picsum.photos/id/817/300/300',817,'Zillacon enim et','7810b0a2-f962-41b3-b4a1-84cdda39635d','Consequat quis culpa aliqua ipsum elit non enim veniam mollit magna aliquip eu.',175.582,244.808,251.274,'2020-07-07',26709,5363259),(62920267,'https://picsum.photos/id/267/300/300',267,'Ziggles incididunt laboris','ecca7dcc-0636-4349-8c48-1bc638ab1c55','Ea qui reprehenderit consequat adipisicing exercitation eiusmod quis aliqua excepteur qui est proident ullamco.',159.124,264.058,233.72,'2014-01-13',34146,7239133),(63277487,'https://picsum.photos/id/487/300/300',487,'Spherix duis adipisicing','6cd147ea-452a-494f-9948-d842b46e7050','Dolor duis commodo laboris ex excepteur ipsum pariatur ullamco excepteur.',90.2558,192.992,257.282,'2016-10-26',51557,935311),(63290825,'https://picsum.photos/id/825/300/300',825,'Eventex Lorem elit','a65c651f-73d4-4a6f-ae43-fbb0696bf445','Fugiat aliquip eiusmod esse irure cillum labore nulla occaecat veniam anim.',97.5268,271.387,208.94,'2018-08-06',11358,493556),(63318594,'https://picsum.photos/id/594/300/300',594,'Digique nulla veniam','4d47ef9f-dd5c-4e8f-91a4-8ff1fe751781','Ad non ullamco exercitation ut irure commodo.',117.796,235.437,263.766,'2014-01-10',68778,597125),(63335301,'https://picsum.photos/id/301/300/300',301,'Fishland culpa laborum','b6350f67-30b6-4496-9241-9bc30f4a314c','Nulla veniam sunt aliqua labore aliqua nisi.',159.729,273.234,259.807,'2019-07-23',86695,9226295),(63350556,'https://picsum.photos/id/556/300/300',556,'Comtrail anim eiusmod','4bffdd58-4657-4717-abd9-75e62139a91c','Et cupidatat incididunt ut ad ex aliqua ullamco dolore aliquip consectetur ad sint eiusmod.',127.871,246.324,265.224,'2022-07-30',32165,7791119),(63698118,'https://picsum.photos/id/118/300/300',118,'Slofast non excepteur','d51b5c17-f2c9-41cc-a851-aacc5e0f1cbd','Non enim nulla cupidatat sint exercitation excepteur aliqua et.',186.622,213.367,258.719,'2022-02-17',52679,9329205),(63729436,'https://picsum.photos/id/436/300/300',436,'Ozean incididunt anim','e3947908-15e9-4084-8145-e66e4e5f0f66','Deserunt aliqua exercitation anim deserunt commodo.',97.4364,276.707,220.28,'2019-02-06',46662,2130154),(63818930,'https://picsum.photos/id/930/300/300',930,'Deepends nisi amet','79b42edc-8f99-4a4b-a3e5-cec15f828259','Commodo duis occaecat cillum exercitation nisi incididunt laborum nisi eu culpa.',132.928,268.957,265.029,'2017-06-14',30460,946799),(63931883,'https://picsum.photos/id/883/300/300',883,'Permadyne do reprehenderit','66019edb-c493-4718-9bc1-dc1707ff169d','Magna eiusmod non non ut nisi excepteur.',117.963,246.375,274.162,'2022-09-06',34558,8431245),(64173943,'https://picsum.photos/id/943/300/300',943,'Proflex esse deserunt','ebd311e2-84c7-4b40-9d8f-b14dcaa214be','Tempor velit mollit incididunt nisi ipsum in.',100.519,273.18,259.251,'2019-05-21',84843,832692),(64319249,'https://picsum.photos/id/249/300/300',249,'Yurture elit labore','f82f67de-2474-4eca-8a4c-4ef7826021d0','Id voluptate et occaecat velit mollit aute sint dolore aliqua officia commodo ullamco aliqua consequat.',115.187,209.3,255.875,'2022-09-17',71405,3699111),(64338747,'https://picsum.photos/id/747/300/300',747,'Opportech officia ullamco','1063d39a-5335-4192-83dd-651384ff77cc','Aliquip voluptate culpa exercitation exercitation ex laborum.',120.941,276.586,244.026,'2018-05-10',14999,186398),(64616113,'https://picsum.photos/id/113/300/300',113,'Earthwax nisi est','7fefbcaf-545d-47c9-82e8-845b57d26756','Magna enim reprehenderit eu laborum ullamco duis veniam est ea dolore velit eu.',113.599,251.045,234.586,'2021-02-19',31166,8468129),(64796773,'https://picsum.photos/id/773/300/300',773,'Isoswitch in irure','4e8a8d11-0353-4787-83e8-a229e9dfc372','Pariatur consectetur amet commodo dolor anim consequat sunt eu culpa non commodo quis.',99.4211,208.238,228.676,'2017-12-31',80849,2130154),(64853200,'https://picsum.photos/id/200/300/300',200,'Waretel consequat do','a75ef785-7f1c-46b6-a159-a34d17c75893','Commodo enim nostrud deserunt non deserunt ex mollit labore.',128.109,194.01,237.205,'2021-03-04',82776,8456267),(64876161,'https://picsum.photos/id/161/300/300',161,'Isologica fugiat veniam','b85e5e18-1afb-4eec-a90e-695fb90415d4','Anim ullamco ullamco velit reprehenderit eu sunt reprehenderit sunt do veniam consequat officia aliqua.',127.491,274.207,255.243,'2014-11-23',42547,7276202),(64906576,'https://picsum.photos/id/576/300/300',576,'Zentix duis enim','d062ce32-f193-436e-a6f0-935114d50ad5','In enim commodo do aliqua ut dolor.',90.7056,209.074,183.175,'2015-05-13',57650,3614108),(64957627,'https://picsum.photos/id/627/300/300',627,'Techtrix cillum magna','f6a7b081-7961-4e6a-b7c2-e274b50b25f8','Sint id qui consectetur cillum ipsum ex est ex proident.',133.902,187.941,188.961,'2019-12-04',76059,9601200),(65036966,'https://picsum.photos/id/966/300/300',966,'Coash ex laboris','d0fbe7fa-7e5b-4a97-9eb8-49fd73ae122f','Duis ipsum fugiat aliquip minim mollit ut.',94.4526,249.662,231.668,'2022-06-30',88380,9529147),(65137791,'https://picsum.photos/id/791/300/300',791,'Bedder aliquip ea','71dd8461-2e23-4efd-bc77-0d6b1647a124','Do dolore nostrud aute do laborum voluptate quis nostrud.',134.112,227.363,219.788,'2022-08-05',26588,9226295),(65308564,'https://picsum.photos/id/564/300/300',564,'Xerex sunt incididunt','147d1020-288b-4279-a9c8-6d1637991404','Sunt ullamco fugiat voluptate reprehenderit.',140.777,270.052,273.048,'2015-12-09',80662,9076194),(65394289,'https://picsum.photos/id/289/300/300',289,'Deminimum minim ad','5a02774d-cc73-49ae-b3aa-8262698cb3e5','Reprehenderit proident minim excepteur voluptate.',135.829,214.368,210.016,'2022-02-26',41059,8115135),(65667245,'https://picsum.photos/id/245/300/300',245,'Visalia enim sint','8f0d2e4c-1496-4208-90f7-b700ce6b6bba','Dolor reprehenderit laborum ullamco officia irure.',180.441,220.819,244.523,'2022-06-14',60535,7106213),(65788865,'https://picsum.photos/id/865/300/300',865,'Genesynk aliqua eu','62c47371-30c7-414b-a111-17fd65af9e7f','Aute consectetur reprehenderit mollit anim consequat sint esse cupidatat qui excepteur ut cupidatat reprehenderit.',172.448,200.319,279.638,'2019-03-02',67778,299775),(65794580,'https://picsum.photos/id/580/300/300',580,'Metroz ipsum ut','fd03ebba-dbf0-4197-95a7-b814ce6b3fb2','Exercitation nisi proident commodo nisi duis.',94.7599,209.873,199.102,'2014-05-03',95659,370754),(65802293,'https://picsum.photos/id/293/300/300',293,'Kiggle adipisicing eu','bfe5c55c-8e9c-4b35-91fc-43b78176c577','Deserunt reprehenderit aliqua magna pariatur nisi.',147.438,214.548,274.743,'2016-03-11',76830,6037149),(65907676,'https://picsum.photos/id/676/300/300',676,'Mobildata enim deserunt','658cc0ac-5583-4545-aab1-cdc468df6032','Et elit excepteur est commodo tempor in.',96.6629,205.809,250.071,'2017-06-26',50827,8625277),(65932482,'https://picsum.photos/id/482/300/300',482,'Codax mollit non','2e219f29-456f-45cf-9d69-51c7203e7608','Reprehenderit consequat nisi duis eu ipsum ad quis incididunt aliqua culpa elit id enim.',189.141,279.932,203.67,'2022-05-28',17356,499345),(66005514,'https://picsum.photos/id/514/300/300',514,'Medalert veniam aliqua','7e49fb78-2a29-4d04-b279-7288bddf64af','Non excepteur in consectetur esse do est eu.',164.306,189.252,235.441,'2016-03-08',60132,20786),(66064142,'https://picsum.photos/id/142/300/300',142,'Vidto anim non','80c55ed4-0d80-4bb4-80cb-3bcd7101c746','Reprehenderit magna qui labore reprehenderit voluptate cupidatat in.',150.059,271.977,194.572,'2018-09-28',74042,7019287),(66102554,'https://picsum.photos/id/554/300/300',554,'Exostream laboris quis','3bb4f2df-11d1-4432-8505-c34fff3f33ca','Qui duis tempor eiusmod veniam sunt ullamco eu qui Lorem aliqua ea ullamco.',126.638,227.438,198.37,'2020-02-22',45478,4556226),(66178187,'https://picsum.photos/id/187/300/300',187,'Papricut occaecat nisi','4a5ac1f5-b7a4-45cf-a714-e94e0c6f8fc9','Labore pariatur sunt minim occaecat magna est commodo veniam do.',137.234,196.696,235.232,'2018-05-21',82868,9580112),(66325683,'https://picsum.photos/id/683/300/300',683,'Megall tempor ex','4871f937-4a7c-4976-9ca9-568d4d12e936','Reprehenderit ex sint ullamco ipsum ad esse eu Lorem officia duis eiusmod consequat anim.',167.378,277.114,254.547,'2020-05-06',84132,9279187),(66530761,'https://picsum.photos/id/761/300/300',761,'Myopium sit mollit','90ff5b2d-b8cb-4479-b3c6-04af4f2329d2','Nulla pariatur fugiat magna consequat aliquip mollit cillum excepteur eu sint sint.',138.879,198.472,215.488,'2019-12-07',55497,7023293),(66554117,'https://picsum.photos/id/117/300/300',117,'Zogak ex ex','2ec06254-9038-4a23-85a3-96197f052ee5','Est irure est amet qui consequat irure cillum.',96.0543,185.203,180.708,'2021-09-19',82184,3884212),(66667738,'https://picsum.photos/id/738/300/300',738,'Plasmos laboris est','e514f961-a6d4-4afb-9d95-2cdc265706e6','Officia excepteur commodo dolor exercitation magna sunt.',117.215,207.727,201.234,'2018-09-05',39609,9226295),(66746515,'https://picsum.photos/id/515/300/300',515,'Kage sunt Lorem','fc6837a4-5619-424b-82cd-293935e23be9','Velit ipsum aliquip et veniam voluptate tempor anim ipsum amet tempor incididunt incididunt eu.',177.308,279.233,213.548,'2022-09-08',91176,7210139),(66914419,'https://picsum.photos/id/419/300/300',419,'Pivitol adipisicing adipisicing','3339cd6d-58f0-41c5-a057-bf780129f859','Aliqua laborum irure irure consequat esse nisi labore voluptate enim culpa culpa deserunt.',185.124,206.006,228.283,'2022-05-05',45273,3523127),(66926467,'https://picsum.photos/id/467/300/300',467,'Equitox id labore','d8915112-6ea8-4a50-a4b4-22e52fd3c36b','Duis deserunt qui excepteur laborum laboris esse magna.',108.093,241.833,212.152,'2019-06-27',75166,9392148),(66964864,'https://picsum.photos/id/864/300/300',864,'Kongle officia dolor','9dd5f508-6984-44a9-94a2-8783b0dab16b','Occaecat exercitation labore deserunt nulla non occaecat labore id duis culpa ex elit Lorem.',144.344,215.677,192.737,'2015-05-26',75408,7987181),(66983528,'https://picsum.photos/id/528/300/300',528,'Idealis magna qui','60ea7aff-9ae1-4fb2-b7f5-54b1719fa175','Non laborum nostrud mollit quis tempor amet sint ea ea.',110.386,228.518,199.752,'2017-07-01',85800,901037),(67119901,'https://picsum.photos/id/901/300/300',901,'Emtrak eu cillum','de2ee1e1-ae0c-449c-a878-3a7315eb5cb4','Esse veniam laboris laborum pariatur irure ex dolore labore enim id laborum excepteur occaecat.',176.642,257.289,242.291,'2022-09-02',57027,3699111),(67188873,'https://picsum.photos/id/873/300/300',873,'Cognicode reprehenderit enim','2a6104fb-c41b-49a4-a7c7-e7f2d5e2517c','Officia proident tempor consectetur in non velit adipisicing.',139.91,273.77,193.221,'2017-08-19',65654,87080),(67292986,'https://picsum.photos/id/986/300/300',986,'Zboo est ea','556b1537-2f9b-4a01-adaa-b06941f40421','Mollit mollit laborum quis cupidatat ut eiusmod enim voluptate ipsum occaecat proident commodo fugiat pariatur.',156.537,252.416,271.991,'2015-09-10',14776,501393),(67578352,'https://picsum.photos/id/352/300/300',352,'Pathways esse ea','0f7293bc-0569-4126-a279-34b56b3ea29d','Non pariatur nisi ullamco excepteur ea nulla culpa ex deserunt nostrud sunt magna excepteur.',130.321,230.06,227.262,'2015-12-30',63776,3039138),(67635176,'https://picsum.photos/id/176/300/300',176,'Sensate ex non','32e173e3-21e5-4bb8-bf92-e867963ec83d','Irure adipisicing labore fugiat laborum veniam ipsum voluptate in tempor.',111.628,255.148,261.565,'2014-01-22',30479,1349142),(67845131,'https://picsum.photos/id/131/300/300',131,'Diginetic labore consequat','491aeb1f-e8de-4331-a347-b00710879827','Adipisicing ullamco Lorem incididunt labore irure Lorem id esse fugiat irure.',175.452,242.213,262.567,'2017-06-09',34327,6590146),(67922972,'https://picsum.photos/id/972/300/300',972,'Volax laboris proident','e725510b-9b41-4f07-9207-188397221757','Amet ad nostrud incididunt fugiat pariatur ex adipisicing ullamco voluptate cillum.',116.954,256.369,192.37,'2021-09-27',39875,1856126),(68083383,'https://picsum.photos/id/383/300/300',383,'Vixo incididunt et','220e3e05-5d14-4e48-bc80-11b667d81db0','Consectetur aute id sit enim excepteur occaecat ea nisi non.',101.439,230.458,248.31,'2015-12-24',51037,5461171),(68155207,'https://picsum.photos/id/207/300/300',207,'Chorizon minim ipsum','ccc82bf9-e2b7-4b7a-a41a-5573aa1e6cf5','Et proident tempor ex quis sunt enim et.',112.83,214.941,196.886,'2016-04-26',80016,3206299),(68203702,'https://picsum.photos/id/702/300/300',702,'Urbanshee reprehenderit veniam','019f2db3-ee05-476c-ab7c-9e4d27f24271','Consequat proident ut in dolor in esse fugiat cupidatat irure.',98.5574,271.392,211.14,'2015-08-01',28335,3570177),(68259657,'https://picsum.photos/id/657/300/300',657,'Rotodyne tempor adipisicing','0c541479-700e-4cc3-a2e4-a80bf56c4ded','Voluptate mollit mollit magna labore fugiat Lorem anim proident.',121.962,263.214,199.185,'2018-08-10',83237,2038271),(68426196,'https://picsum.photos/id/196/300/300',196,'Isologia do eiusmod','7ecab2c8-2cf8-495d-96b8-12613e000ea2','Exercitation sit irure aliquip fugiat ea sunt quis velit reprehenderit consectetur incididunt excepteur.',96.0816,243.138,240.516,'2020-04-07',40693,1856126),(68447902,'https://picsum.photos/id/902/300/300',902,'Signidyne ad laboris','a5ab55ad-6a92-4c5a-b048-0fd6509c755b','Adipisicing elit id ut nostrud ex magna ullamco sit velit anim pariatur.',90.2882,254.125,244.059,'2022-03-16',91036,832692),(68462374,'https://picsum.photos/id/374/300/300',374,'Motovate anim pariatur','bbf1f7bf-2bc0-40c9-bea6-3e6e82468750','Eiusmod amet tempor duis enim pariatur elit aliquip officia amet adipisicing consectetur id deserunt.',126.594,267.107,218.446,'2017-08-29',68361,8534102),(68505386,'https://picsum.photos/id/386/300/300',386,'Cuizine aliquip aliquip','2a5cc896-2764-4ecf-8e7e-4ebbb577f421','Minim elit aute ipsum aliqua elit reprehenderit exercitation.',127.002,194.2,213.069,'2020-07-31',96258,9529147),(68510315,'https://picsum.photos/id/315/300/300',315,'Nurali ipsum consequat','ad250d9b-ad05-4f6b-921d-a5b2e2ec9c4d','Laboris amet nisi aliqua officia pariatur eiusmod duis occaecat ullamco ut quis proident.',146.588,257.082,273.63,'2017-01-12',39381,8437265),(68537325,'https://picsum.photos/id/325/300/300',325,'Sloganaut reprehenderit consectetur','b6392e73-6026-422b-82de-756fef15e7df','Enim qui commodo occaecat ea culpa Lorem magna minim laboris occaecat in.',189.319,181.24,274.543,'2016-03-06',97837,1883236),(68927913,'https://picsum.photos/id/913/300/300',913,'Kineticut labore anim','d21e2164-50c7-4b90-9861-cbc47bbe4e6c','Qui pariatur sit pariatur enim velit laboris ad dolore.',188.22,211.823,275.909,'2021-01-11',65633,738382),(69056837,'https://picsum.photos/id/837/300/300',837,'Cytrak ad veniam','3629802b-895a-4c3e-a91b-ced205bcd691','Ipsum fugiat minim id voluptate reprehenderit exercitation sit exercitation.',100.495,229.588,189.296,'2015-03-07',59183,828639),(69224890,'https://picsum.photos/id/890/300/300',890,'Zanilla non dolor','1aaa0a6e-76ce-42dc-8c1d-b5b6a6810be9','Sunt sit Lorem et aliquip Lorem.',180.897,211.81,270.129,'2020-06-11',33310,647231),(69377358,'https://picsum.photos/id/358/300/300',358,'Sonique culpa consectetur','5337acd8-0611-418a-ba58-b695348d441b','Consequat excepteur nisi anim magna ullamco ex in.',144.054,252.56,216.814,'2014-05-24',41527,78894),(69406543,'https://picsum.photos/id/543/300/300',543,'Trollery duis consectetur','8d75f6cf-6089-40d3-aaf2-0798c306bd47','Nostrud labore laborum ipsum magna sunt veniam veniam veniam tempor culpa.',172.63,199.225,255.746,'2014-09-25',88904,316994),(69521875,'https://picsum.photos/id/875/300/300',875,'Aquazure aute sit','3c0017ef-83f7-4d3d-a72c-a3c37e4c61bf','Ipsum aliquip excepteur eiusmod commodo et sunt sunt non.',108.776,279.702,264.766,'2017-04-26',41027,722384),(69713658,'https://picsum.photos/id/658/300/300',658,'Powernet dolore occaecat','1a09df77-79f0-40ba-b053-b8103571f581','Non enim excepteur nisi enim ipsum cupidatat eiusmod.',96.814,256.543,251.518,'2015-10-08',29064,7381124),(69714260,'https://picsum.photos/id/260/300/300',260,'Ginkogene elit eiusmod','2f8cb7de-fc60-42e7-9362-39398155352a','Tempor aute cupidatat exercitation velit fugiat eiusmod elit voluptate ad amet officia.',172.117,219.553,217.876,'2019-05-20',73330,7329206),(69856605,'https://picsum.photos/id/605/300/300',605,'Geoforma quis laboris','ba5082ed-7c10-4a99-8579-749f37e718a7','Fugiat enim pariatur tempor dolor elit esse.',109.265,218.038,195.668,'2014-11-29',79494,1160249),(70431880,'https://picsum.photos/id/880/300/300',880,'Isostream minim eu','6214cb44-a7c5-4498-9ff3-1a6717bd8514','Ad duis qui irure duis amet tempor magna est occaecat.',110.122,192.392,200.315,'2014-02-07',68098,3013285),(70438512,'https://picsum.photos/id/512/300/300',512,'Otherside officia cupidatat','70daf36b-ec65-49fa-a7c9-642e15588f57','Sunt sit excepteur tempor minim exercitation ad.',168.573,218.102,189.501,'2022-01-12',78377,717751),(70502291,'https://picsum.photos/id/291/300/300',291,'Magnemo ea consectetur','14eaccd2-891c-4425-997c-82b77bca36e3','Consectetur pariatur eiusmod commodo et quis voluptate commodo ad laboris.',130.907,180.045,243.032,'2020-07-08',79667,20786),(70595445,'https://picsum.photos/id/445/300/300',445,'Netplode qui sunt','2e778412-702c-4c96-b587-2010c6e54543','Nisi magna fugiat incididunt velit sit laborum occaecat ipsum pariatur.',159.989,236.199,250.582,'2020-09-10',90575,5046247),(70839785,'https://picsum.photos/id/785/300/300',785,'Ohmnet aliquip nisi','936aa7d7-2c1f-422f-9c55-c2cdcd83466d','Qui esse velit ea qui labore labore in proident incididunt tempor.',113.088,278.49,279.062,'2018-01-28',88471,2374223),(70911274,'https://picsum.photos/id/274/300/300',274,'Magnina id et','ec6324ca-b0c5-4871-92d0-1cfdba6dee3b','Dolore elit officia incididunt excepteur.',116.496,272.883,212.771,'2021-07-08',31064,796162),(70935572,'https://picsum.photos/id/572/300/300',572,'Syntac cupidatat officia','b410e6b5-75a4-4b4a-85f6-759b0e29a155','Mollit sint ex minim ut reprehenderit anim in.',121.384,219.8,270.251,'2014-07-21',54264,7987181),(70957926,'https://picsum.photos/id/926/300/300',926,'Multron labore deserunt','5e880ee9-a379-4f93-82b1-d59e8013af38','Ex est mollit proident do laboris officia deserunt proident anim culpa id.',186.279,249.777,235.915,'2021-12-13',72602,6590146),(71065948,'https://picsum.photos/id/948/300/300',948,'Andershun minim deserunt','5c1943f8-4769-4d8f-9eea-4c8e6e3c00f2','Mollit voluptate excepteur sint voluptate do amet sint consectetur duis.',178.488,226.363,239.19,'2022-05-31',94615,6198175),(71078339,'https://picsum.photos/id/339/300/300',339,'Assistix laborum magna','b2120e09-a6e1-4f50-9e13-b54a5b4aa76b','Ullamco ea aliqua cillum magna irure occaecat laboris commodo exercitation sunt mollit esse aliquip dolore.',129.468,217.356,253.004,'2014-08-29',83410,3464113),(71193216,'https://picsum.photos/id/216/300/300',216,'Egypto laborum incididunt','50d82379-f807-4309-aa51-6f665f5bb781','Ut pariatur nostrud mollit anim.',153.957,250.036,226.173,'2020-03-16',18495,6640217),(71283822,'https://picsum.photos/id/822/300/300',822,'Eyeris pariatur cillum','6072538c-c2eb-44ef-b6c3-dcbac4bbd7db','Consectetur velit nisi culpa cupidatat velit voluptate esse eu veniam labore do non non.',105.013,207.147,262.866,'2021-08-27',20473,6768275),(71394250,'https://picsum.photos/id/250/300/300',250,'Newcube commodo cupidatat','9dbd5e07-8a3c-400b-a863-a5ff431e35f2','Cupidatat aute labore amet occaecat occaecat ea velit labore aliquip cupidatat eu.',154.326,219.53,226.268,'2014-11-10',28760,6377191),(71445450,'https://picsum.photos/id/450/300/300',450,'Comtrak eiusmod cupidatat','aacedb39-10b8-4f36-8bb6-7b2aa7440aa4','Dolore nulla adipisicing elit proident in.',106.058,240.846,251.44,'2018-06-26',52225,5832241),(71522279,'https://picsum.photos/id/279/300/300',279,'Zenolux minim cupidatat','547f722e-d888-47f2-b749-196914c5d0f1','Quis proident Lorem cupidatat labore.',96.8921,265.157,207.083,'2017-04-08',31120,870849),(71804566,'https://picsum.photos/id/566/300/300',566,'Crustatia exercitation qui','701ed219-c543-405e-bc6a-fa6621c5bb4f','Quis do deserunt excepteur elit cillum tempor est veniam amet reprehenderit ipsum culpa elit Lorem.',112.164,270.23,208.796,'2021-12-10',96053,501393),(71921306,'https://picsum.photos/id/306/300/300',306,'Cubix sunt incididunt','6e328448-c33e-4bc1-a18c-8c40bcfd6c71','Consequat reprehenderit amet tempor proident ea anim laboris.',174.835,189.613,180.649,'2020-08-17',30574,7409250),(72092715,'https://picsum.photos/id/715/300/300',715,'Freakin non velit','e4925c4a-256e-4102-a098-4231648e9413','Sit sunt incididunt dolore deserunt.',148.41,195.658,262.62,'2017-02-13',33401,6377191),(72174982,'https://picsum.photos/id/982/300/300',982,'Lunchpad magna do','3c6e17bc-cf7b-4c2f-bc9b-df7503c261c1','Esse velit qui duis laborum Lorem do sit.',156.188,186.655,241.489,'2018-06-09',18966,5461171),(72350105,'https://picsum.photos/id/105/300/300',105,'Bluegrain Lorem Lorem','97d2bbd3-e82d-47ca-83ac-df16e74949a8','Magna ullamco exercitation nostrud pariatur.',146.477,250.941,198.819,'2016-01-27',81143,5783220),(72375219,'https://picsum.photos/id/219/300/300',219,'Bugsall voluptate pariatur','5d57bb7b-8ea5-4089-acb0-f0962919f355','Voluptate cillum sunt cupidatat do elit culpa nulla deserunt exercitation consectetur cillum.',172.07,225.952,266.933,'2020-12-01',64336,7098225),(72451964,'https://picsum.photos/id/964/300/300',964,'Medesign ullamco sit','d17a1100-6ce5-4479-a684-b32167e8b1e7','Fugiat aliqua ipsum ea sint Lorem adipisicing ad est.',149.742,279.86,243.899,'2017-12-23',19892,1028272),(72564218,'https://picsum.photos/id/218/300/300',218,'Tripsch culpa veniam','29b77b85-7688-4680-9da0-78f9ddab02fd','Qui cillum laborum excepteur culpa velit labore eiusmod aliqua non.',142.206,223.279,228.061,'2020-09-03',51030,9042160),(72754278,'https://picsum.photos/id/278/300/300',278,'Ultrasure qui ad','ff58bc2a-649d-49cc-ba11-c5495232bbcc','Ut sint veniam et consequat duis officia occaecat ea mollit eiusmod.',144.125,235.55,196.602,'2022-03-22',99019,3792273),(72920353,'https://picsum.photos/id/353/300/300',353,'Paragonia Lorem Lorem','1096deed-2d34-467d-a2e2-a9be89f56f6e','Ad laborum fugiat cillum ullamco commodo velit occaecat magna est dolor elit et dolor.',184.553,249.259,255.913,'2015-03-11',97709,407628),(72947669,'https://picsum.photos/id/669/300/300',669,'Intrawear et irure','c3326bf7-ca77-46f7-94c5-d1e2e8810220','Minim ea irure elit pariatur tempor irure ex et duis commodo in proident nisi.',91.5449,237.52,273.977,'2018-07-10',87757,9847208),(73003678,'https://picsum.photos/id/678/300/300',678,'Puria ullamco fugiat','fc04bbae-7a22-4b55-bc24-67cacf5085ac','Commodo non amet enim ullamco officia officia irure excepteur adipisicing culpa ullamco incididunt.',95.0268,273.062,240.293,'2022-07-04',64006,7823167),(73080965,'https://picsum.photos/id/965/300/300',965,'Updat laboris sunt','a6db8dea-c24c-4811-810e-2369a8bf2e6b','Ad non sunt laborum proident eu dolor est.',95.5198,228.548,232.89,'2021-02-26',19656,7882284),(73095387,'https://picsum.photos/id/387/300/300',387,'Plasmosis laboris cillum','e2061c78-5451-4cac-ab71-0e69dbe420fd','Aliqua officia ipsum aute laboris labore consectetur irure.',166.01,249.637,243.52,'2015-01-29',28683,6158121),(73123447,'https://picsum.photos/id/447/300/300',447,'Liquicom sint commodo','61c7af5d-5d67-43af-ba20-d61e105e41a7','Velit cillum sint ullamco cillum laboris ea eu fugiat elit cupidatat.',103.331,215.81,234.374,'2021-08-23',20866,713053),(73394428,'https://picsum.photos/id/428/300/300',428,'Centrexin enim et','af2ff614-56ed-4910-bd9d-0f248254043a','Nulla velit tempor voluptate nisi ex ut.',149.686,203.702,185.547,'2020-01-19',54001,971364),(73464991,'https://picsum.photos/id/991/300/300',991,'Marqet minim officia','2f36c10e-2f37-4676-88e8-b2e3124220df','Ut elit exercitation officia culpa veniam.',179.973,212.455,224.324,'2015-10-26',75218,7823167),(73579103,'https://picsum.photos/id/103/300/300',103,'Overplex nostrud do','4d3ac297-ed8a-40c9-b502-4000435e8fd6','Elit ullamco id quis ut veniam dolor non aliquip culpa reprehenderit nostrud.',181.162,236.585,228.26,'2016-05-30',91688,394261),(73681595,'https://picsum.photos/id/595/300/300',595,'Idego duis amet','c41606ce-cec0-4f6e-b4a8-37dc64f0a533','Enim deserunt Lorem tempor anim ut cillum duis mollit eiusmod exercitation esse do tempor.',116.011,268.983,244.625,'2016-11-23',13857,330433),(73725240,'https://picsum.photos/id/240/300/300',240,'Homelux aliqua quis','d2786ec5-c5c5-4764-9671-2c75865c0909','Et reprehenderit fugiat nostrud veniam excepteur sint veniam.',161.089,253.611,266.145,'2016-01-25',64279,7276202),(73848173,'https://picsum.photos/id/173/300/300',173,'Zepitope aliqua ea','01116132-2821-42fd-ba61-b68f48b58a65','Dolor velit incididunt deserunt deserunt nulla eu id.',151.963,239.329,243.829,'2019-05-19',37375,330433),(73870485,'https://picsum.photos/id/485/300/300',485,'Pheast consequat enim','8418e67a-ea0f-41f0-b8c8-2d6a41ce77a8','Adipisicing deserunt est duis reprehenderit duis amet nostrud elit.',165.115,192.038,220.953,'2022-02-08',70862,270859),(73993332,'https://picsum.photos/id/332/300/300',332,'Kog ut commodo','b040162a-3387-4bd5-8e83-6d8627333aee','Amet aute irure commodo incididunt excepteur officia occaecat.',147.467,279.684,265.641,'2016-07-31',25429,5610176),(74141911,'https://picsum.photos/id/911/300/300',911,'Halap nulla in','d1ed5cc2-3f90-4bc3-aad6-894bf3f9f07c','Duis consectetur minim ad aute ex dolore aute Lorem commodo duis duis aliqua.',162.606,203.102,226.634,'2014-10-08',77906,110097),(74365557,'https://picsum.photos/id/557/300/300',557,'Terrasys mollit in','5c7af86a-24c0-45ce-a18f-7da7de11b864','Fugiat sunt adipisicing nulla aliquip dolore Lorem dolor.',148.624,199.46,240.121,'2018-08-24',66247,5767232),(74382951,'https://picsum.photos/id/951/300/300',951,'Marvane eiusmod proident','548abbde-fe55-49d4-9001-1c9937e395d7','Sunt non pariatur et in dolor irure fugiat eu pariatur quis ullamco sint.',131.766,234.65,277.672,'2019-09-28',43949,580574),(74477220,'https://picsum.photos/id/220/300/300',220,'Digigene est adipisicing','1957e523-f0dd-47e1-b81f-453ce5b8c4fe','Excepteur incididunt occaecat eu veniam ipsum incididunt eu duis adipisicing fugiat id tempor voluptate.',104.647,183.785,242.614,'2021-04-30',45723,901379),(74497752,'https://picsum.photos/id/752/300/300',752,'Blanet aute nulla','290fc048-9b58-4b27-b97f-f1b3b92ac680','Magna officia laborum pariatur eu.',151.087,203.838,262.11,'2020-04-22',60986,3943222),(74522644,'https://picsum.photos/id/644/300/300',644,'Zentury deserunt ut','11eb2f56-0236-483e-9d54-ccbc0188fbda','Eiusmod voluptate proident incididunt id id labore qui.',102.934,270.056,247.21,'2016-11-09',19932,9328109),(74587577,'https://picsum.photos/id/577/300/300',577,'Flumbo aute incididunt','ca468a71-c34f-4f69-9668-36980a216545','Dolor veniam irure eu veniam duis et voluptate labore aute quis.',142.493,248.577,206.632,'2015-12-12',85028,1349142),(74842659,'https://picsum.photos/id/659/300/300',659,'Sportan aliquip consectetur','290d11e4-4704-4028-8b68-5ca345a88af6','Excepteur tempor cupidatat quis dolor consequat elit magna officia amet irure exercitation ipsum.',100.968,234.986,243.84,'2019-11-14',67762,5868152),(74896734,'https://picsum.photos/id/734/300/300',734,'Geostele velit aliquip','95f4e1dd-755c-47c0-9517-4e366b52890d','Non commodo pariatur ex do culpa dolore id anim qui do.',167.633,263.624,270.019,'2014-06-13',28408,3362290),(74940111,'https://picsum.photos/id/111/300/300',111,'Extro sint officia','358140c0-add2-4089-822e-e582756e3555','Nulla culpa reprehenderit commodo commodo officia ullamco culpa laborum fugiat do magna.',139.544,263.233,240.627,'2021-10-19',54053,580574),(75286740,'https://picsum.photos/id/740/300/300',740,'Skinserve adipisicing pariatur','fbf803e4-a291-4741-a3ad-35ce8985137c','Culpa adipisicing id sunt commodo id occaecat quis ex ullamco exercitation amet nostrud.',181.346,247.344,258.423,'2018-04-02',47598,5783220),(75343135,'https://picsum.photos/id/135/300/300',135,'Virva est laboris','76b294c1-0c5b-40c3-a93b-5f0b51b24e1a','Cupidatat elit fugiat sint sint laborum voluptate ut labore.',126.146,221.5,239.402,'2019-10-19',91956,6107224),(75362468,'https://picsum.photos/id/468/300/300',468,'Prismatic eiusmod sint','d09985f3-e12d-4c42-abdf-7b52db2caa20','Aliqua duis eiusmod aliquip dolore fugiat consectetur eu nulla.',107.051,239.088,231.011,'2015-07-13',23454,394261),(75576484,'https://picsum.photos/id/484/300/300',484,'Nimon pariatur laboris','bb826512-6d97-4f42-9f2e-45b37628afbc','Tempor labore ut pariatur minim ea.',144.982,210.151,229.632,'2015-11-23',57229,7239133),(75643139,'https://picsum.photos/id/139/300/300',139,'Ontagene et aute','da505af2-898a-46b7-999c-6a826bc60513','Et labore id deserunt proident culpa velit deserunt sint culpa.',185.091,236.18,226.467,'2017-11-16',50167,7947251),(75680143,'https://picsum.photos/id/143/300/300',143,'Isosure voluptate excepteur','06039e66-089c-4e1e-a871-5a17853954c2','Cillum aliquip fugiat reprehenderit culpa non commodo sit voluptate labore et ex nulla.',135.37,230.151,203.461,'2019-02-21',26385,9383159),(75813241,'https://picsum.photos/id/241/300/300',241,'Xinware ut sit','ec0f898c-182e-4d35-91d9-85aed7723f58','Deserunt laboris aute anim nisi minim occaecat ad reprehenderit.',134.109,196.481,269.467,'2018-03-20',38655,323016),(75815823,'https://picsum.photos/id/823/300/300',823,'Plexia irure magna','0a9bad6f-f09a-4312-ad85-7ba3d1fb71b9','Id officia anim ut ullamco est commodo enim enim reprehenderit.',156.926,271.155,273.926,'2021-09-18',70257,1406215),(76164536,'https://picsum.photos/id/536/300/300',536,'Rubadub nulla ullamco','95fbe4e7-59f4-45de-ba7b-887249ab1338','Esse labore laborum reprehenderit culpa eiusmod mollit qui amet dolore reprehenderit.',186.628,238.225,270.636,'2014-09-09',48547,6377191),(76198314,'https://picsum.photos/id/314/300/300',314,'Utara nostrud non','e043c64d-af1b-4312-913f-db6e510d67b6','Voluptate duis deserunt labore aliquip adipisicing incididunt aliquip dolor eu laboris.',114.604,189.133,236.445,'2016-06-26',54754,323016),(76832337,'https://picsum.photos/id/337/300/300',337,'Kegular officia esse','5114c733-d2c8-4da5-a968-92a74a177cc3','Ea nostrud ipsum labore qui.',136.86,205.772,261.667,'2016-04-14',85918,4883203),(76943172,'https://picsum.photos/id/172/300/300',172,'Talkola mollit labore','d436b6f3-f77a-4112-ad33-cbc86d5fd49a','Occaecat commodo enim ad reprehenderit elit velit minim est culpa do.',125.594,188.204,229.991,'2016-08-02',62316,8521254),(76998573,'https://picsum.photos/id/573/300/300',573,'Geeknet consequat ad','8ea4d8f2-ea93-459f-929f-f9c98637b14f','Adipisicing sunt aliqua et reprehenderit sint eu aliqua amet ullamco eiusmod aliqua cillum.',134.948,219.022,234.545,'2015-11-10',82581,6471207),(77020842,'https://picsum.photos/id/842/300/300',842,'Steelfab do pariatur','b7194146-242b-4f76-9178-9628db265710','Et est officia consectetur cupidatat tempor.',137.932,216.478,212.666,'2018-11-12',86464,3614108),(77064829,'https://picsum.photos/id/829/300/300',829,'Voratak velit officia','b1f757bd-ce37-44e3-a150-5ae40e958bbd','Cillum reprehenderit deserunt quis non.',178.109,222.64,277.976,'2021-04-16',78085,8431245),(77124751,'https://picsum.photos/id/751/300/300',751,'Luxuria excepteur non','f8903827-b57b-4212-8f9f-b4dd7b6851c4','Voluptate deserunt proident Lorem minim.',115.571,265.007,248.184,'2021-08-30',96844,3570177),(77343197,'https://picsum.photos/id/197/300/300',197,'Kindaloo in excepteur','df22c2bd-5a81-44ea-be01-fc1f5ae0fcdf','Ullamco do do adipisicing ex mollit reprehenderit id.',184.987,208.62,279.572,'2018-03-28',28742,1349142),(77395940,'https://picsum.photos/id/940/300/300',940,'Quonata sint irure','af79d2d2-d943-46ce-96be-471c9c88f688','Do aliqua exercitation aliqua excepteur laboris aliqua consequat nostrud nisi ex.',91.0933,223.499,228.274,'2014-06-25',95859,3206118),(77527843,'https://picsum.photos/id/843/300/300',843,'Inear nulla magna','db22b266-b83b-46d5-b5c3-3b0afa8fcf2b','Ut in ex eiusmod occaecat fugiat aliquip ad pariatur et sunt ad cillum deserunt deserunt.',92.5611,251.976,205.429,'2017-05-01',25237,438363),(77700728,'https://picsum.photos/id/728/300/300',728,'Earbang nisi esse','aa363ce3-32a6-42a4-b8d6-2356eae73cb2','Occaecat veniam commodo qui deserunt dolor velit dolore proident adipisicing excepteur amet quis.',161.777,187.351,256.428,'2022-08-21',23550,6377191),(77734258,'https://picsum.photos/id/258/300/300',258,'Squish occaecat qui','ac0a0ccc-e84d-458a-b1f1-d8ad8030ca25','Adipisicing pariatur incididunt sint laboris occaecat culpa est quis excepteur sint aute.',177.933,220.746,223.136,'2016-02-23',81855,4023221),(78484612,'https://picsum.photos/id/612/300/300',612,'Mondicil id mollit','6a28f618-1d05-450f-a7fe-be8d26a92ffc','Fugiat officia in do qui quis velit.',186.639,226.244,251.184,'2022-08-13',42578,935311),(78485454,'https://picsum.photos/id/454/300/300',454,'Centregy velit velit','075df44d-2f49-416f-abec-9f25eac90d52','Non qui do culpa esse irure esse mollit ut incididunt.',95.0874,276.99,228.099,'2019-09-20',52077,7749244),(78724760,'https://picsum.photos/id/760/300/300',760,'Gorganic cillum nulla','047e01ea-e435-4c1a-91c2-6a67ac59767d','Exercitation laboris culpa do commodo.',142.013,189.775,268.54,'2014-01-29',42242,6025278),(78767537,'https://picsum.photos/id/537/300/300',537,'Jamnation non deserunt','ee0da213-2614-4239-bdc0-7ebfb3df5bc3','Fugiat commodo nostrud occaecat amet eu minim.',153.887,186.118,203.842,'2015-06-30',12957,20879),(79010324,'https://picsum.photos/id/324/300/300',324,'Sequitur culpa fugiat','9bef1890-6e53-4cb9-80b1-ac4b38979c22','Labore do Lorem occaecat proident magna.',121.665,223.834,279.832,'2021-02-17',72062,3591268),(79120455,'https://picsum.photos/id/455/300/300',455,'Dogspa irure deserunt','a8b32197-7ffe-46d4-9aeb-a9b07070803a','Quis ex officia officia exercitation do minim exercitation consequat ullamco eu sit et officia aute.',183.307,221.128,208.365,'2017-06-11',59671,110097),(79167243,'https://picsum.photos/id/243/300/300',243,'Dymi cupidatat aliquip','3357bb4a-5b5e-4502-8695-e96bacdefc9f','Reprehenderit proident Lorem ad nostrud tempor aute laborum adipisicing.',113.69,248.207,217.667,'2014-01-06',16495,6869184),(79234812,'https://picsum.photos/id/812/300/300',812,'Xelegyl pariatur est','238ae7c5-5efe-4272-a74e-a89e5a276301','Esse esse culpa incididunt duis dolore ea do reprehenderit occaecat velit.',163.311,237.327,186.436,'2014-03-14',99356,3013285),(79284177,'https://picsum.photos/id/177/300/300',177,'Comtest non excepteur','41026c5b-21fa-420c-8797-dcec08e9fa86','Ad amet velit ipsum Lorem ipsum adipisicing tempor dolor ex.',189.189,181.402,278.755,'2021-05-04',48839,6305130),(79350758,'https://picsum.photos/id/758/300/300',758,'Tubesys dolore officia','39972e1f-1112-497e-8335-6a2b61f3f36f','Aliqua nisi consectetur tempor dolor velit aliquip occaecat nisi adipisicing minim eiusmod qui consectetur eiusmod.',132.558,277.413,254.039,'2019-01-10',82360,5685292),(79386185,'https://picsum.photos/id/185/300/300',185,'Hawkster nostrud sit','b01b571e-8f44-4b14-aaea-07ac9de69c8c','Eu irure laborum enim eu ad qui.',152.079,228.279,252.437,'2019-06-01',90648,9383159),(79463328,'https://picsum.photos/id/328/300/300',328,'Ovolo magna Lorem','f2b3dc60-ff40-4d2b-999c-60840091e4fa','Qui officia mollit exercitation magna in esse.',171.356,183.975,213.314,'2022-06-13',10769,9329205),(79560344,'https://picsum.photos/id/344/300/300',344,'Splinx sit voluptate','c2336c15-c1ed-4a7e-b214-1343630bd894','Exercitation et quis incididunt nulla.',146.733,226.069,194.343,'2018-08-28',47786,263240),(79901788,'https://picsum.photos/id/788/300/300',788,'Genekom reprehenderit nostrud','0977d97f-55e1-47f7-a5ba-9be602ee90c7','Eiusmod cillum magna consectetur deserunt ullamco amet voluptate duis mollit qui tempor deserunt.',179.829,219.62,186.8,'2016-12-19',66728,512983),(79943492,'https://picsum.photos/id/492/300/300',492,'Zidox veniam tempor','cfc97863-1d29-4780-bb70-6c2acef4a1f0','Officia tempor reprehenderit eiusmod occaecat sunt ullamco.',115.992,217.437,255.347,'2019-02-22',26403,7947251),(80019424,'https://picsum.photos/id/424/300/300',424,'Entroflex nostrud sint','ab6dbef0-f677-46e8-ba7f-4a04726621b0','Eiusmod est ipsum velit enim pariatur.',165.007,200.154,269.132,'2021-11-19',83506,7019287),(80109463,'https://picsum.photos/id/463/300/300',463,'Momentia eu ut','910272ff-3539-49b0-ab6c-bb946204ce28','Anim ut ex cillum est cupidatat ad deserunt adipisicing amet et.',129.424,272.884,183.071,'2014-04-12',22769,9337185),(80168978,'https://picsum.photos/id/978/300/300',978,'Comtrek id labore','2419124c-dea7-4dc5-a6ac-b016ba384d8a','Magna et ex sit dolor aliqua aliqua voluptate labore duis qui dolore.',164.516,192.202,202.93,'2022-08-09',13893,9934289),(80197553,'https://picsum.photos/id/553/300/300',553,'Eyewax ut est','d20f4419-e7b3-4c3a-97b4-865a7ae74dcb','Amet laboris magna culpa exercitation Lorem.',106.994,263.96,245.575,'2020-08-31',34302,3897210),(80228119,'https://picsum.photos/id/119/300/300',119,'Flum aliquip sint','a7920e18-e516-4a81-a7eb-bef24d3c169c','Dolore ut proident do sit in Lorem officia culpa do cillum.',173.121,275.878,224.675,'2020-08-27',24579,6210168),(80409303,'https://picsum.photos/id/303/300/300',303,'Waab exercitation deserunt','343abdc9-de47-42ab-8124-e37f8a76613f','Aute ipsum anim exercitation exercitation mollit.',168.572,219.848,202.153,'2017-03-26',33669,1316100),(80502348,'https://picsum.photos/id/348/300/300',348,'Sealoud anim sunt','51ecc252-eec0-4d2d-8d8e-8f35d2bb1910','Aliqua laborum ex aliqua et mollit eiusmod ex labore voluptate sit laborum.',161.664,228.114,186.942,'2021-03-14',80939,3815169),(80543145,'https://picsum.photos/id/145/300/300',145,'Columella ex reprehenderit','5f736700-2376-4660-9991-063f81b1ff37','Sit aute officia officia non laboris cupidatat nisi do cupidatat aliquip.',170.705,243.864,260.96,'2017-09-16',10357,78894),(80691958,'https://picsum.photos/id/958/300/300',958,'Xth esse dolore','dcc9b2f8-b528-4214-8d11-3868201dcc1e','Officia Lorem sunt irure qui.',145.281,260.29,239.304,'2019-11-12',79561,3430136),(80837891,'https://picsum.photos/id/891/300/300',891,'Zerbina consectetur ipsum','9e2af347-202b-48cf-864d-0931860f0766','Cillum officia eu tempor qui amet eu magna.',108.377,209.872,186.482,'2016-08-22',39211,7023293),(81013340,'https://picsum.photos/id/340/300/300',340,'Zolarex ex consectetur','b375f461-04bc-4a1a-bbf5-adecff9e22d1','Voluptate nisi qui ex esse tempor do dolor voluptate.',135.831,181.945,201.241,'2020-05-08',14074,8682279),(81113322,'https://picsum.photos/id/322/300/300',322,'Furnafix est adipisicing','2e77cd78-2889-4ff4-9f88-20db6f4c416d','Laborum commodo consequat aliqua ipsum qui laborum laboris adipisicing cillum magna magna est eu.',97.3448,226.815,266.33,'2016-04-10',64709,828639),(81146693,'https://picsum.photos/id/693/300/300',693,'Ersum dolor eiusmod','e10064e2-aeac-43ff-878c-1b60b53d7d5b','Adipisicing quis commodo non sit aute.',148.432,223.737,218.852,'2022-09-18',28821,17191),(81186475,'https://picsum.photos/id/475/300/300',475,'Barkarama laboris occaecat','6e5e1d43-9b46-4ba9-a735-4e485e64a328','Cillum mollit excepteur duis sunt reprehenderit cillum.',98.6043,193.491,212.384,'2018-10-09',35205,9832294),(81207932,'https://picsum.photos/id/932/300/300',932,'Lovepad labore anim','e696af4f-0c99-455b-b9c5-c1383ea10f72','Elit amet enim laborum reprehenderit reprehenderit laboris cillum.',167.04,262.833,219.113,'2016-05-08',25116,5363259),(81415638,'https://picsum.photos/id/638/300/300',638,'Fitcore nostrud quis','a55148f5-2ef4-4459-aa7f-e7130eaaf8b4','Fugiat deserunt aute occaecat aliqua duis ex adipisicing proident qui.',148.408,218.397,185.866,'2016-12-09',29490,7679243),(81741834,'https://picsum.photos/id/834/300/300',834,'Exotechno ad adipisicing','dc6990d6-f9fa-4161-9af8-2c86d82b3653','Nisi adipisicing ipsum qui occaecat aute cillum eiusmod proident.',168.652,233.229,212.842,'2018-07-05',90455,4354188),(81780997,'https://picsum.photos/id/997/300/300',997,'Oulu voluptate cupidatat','f3e75adc-4c16-4749-bf84-19ee686a4026','Officia reprehenderit mollit mollit ad cupidatat officia irure irure deserunt.',152.472,270.016,189.751,'2021-06-28',71220,4556226),(81919195,'https://picsum.photos/id/195/300/300',195,'Zipak cupidatat anim','db373df8-aba9-48fc-9575-33f3f8b19c31','Aliquip ullamco veniam Lorem Lorem sit sunt mollit fugiat amet reprehenderit esse consequat.',131.351,258.498,235.25,'2016-02-23',79720,205022),(82239990,'https://picsum.photos/id/990/300/300',990,'Enomen proident consequat','f4201406-33c4-426c-8583-6f2f4efce86b','Est elit adipisicing mollit ex veniam cupidatat incididunt est mollit.',107.64,233.081,211.609,'2016-12-19',55558,2451141),(82527770,'https://picsum.photos/id/770/300/300',770,'Buzzness cillum reprehenderit','855f68cc-9b82-4af6-9d4b-1aa82a26ea24','Esse sint quis esse cillum.',147.247,243.501,236.01,'2021-07-29',28175,5776110),(82544861,'https://picsum.photos/id/861/300/300',861,'Stelaecor exercitation fugiat','d5ac242f-81b9-4a38-9f6e-2c96594e129a','Reprehenderit fugiat ad nulla commodo laborum elit cupidatat laboris in deserunt aute quis qui consequat.',111.918,230.91,189.68,'2022-07-14',58465,2691219),(82618126,'https://picsum.photos/id/126/300/300',126,'Recognia elit ut','d035d549-2a30-4910-8683-93adce91a2be','Culpa exercitation do cillum excepteur ullamco officia esse sint commodo.',186.352,254.645,204.829,'2016-02-18',96528,971364),(82648900,'https://picsum.photos/id/900/300/300',900,'Zenco commodo ad','a04cb676-322a-4240-a18f-b9d7f2b7414b','Anim magna proident adipisicing est nulla aute dolor.',168.773,225.847,187.759,'2020-12-04',30370,2605238),(82675603,'https://picsum.photos/id/603/300/300',603,'Atomica sint voluptate','b39ad67c-f810-4dbf-a93a-e9242c13f5b2','Duis excepteur sint culpa ad laboris elit cupidatat elit tempor.',165.521,219.886,278.488,'2015-09-07',40586,9328109),(82740928,'https://picsum.photos/id/928/300/300',928,'Amtas voluptate non','7068c29e-ca8c-4ba2-bfcf-df50614c6d86','Ullamco proident cillum mollit sunt.',124.551,195.03,239.11,'2016-04-25',94756,323016),(83049814,'https://picsum.photos/id/814/300/300',814,'Koffee laboris nostrud','278a7213-e6b8-41ee-9a60-85b6516e497a','Ipsum do aliquip deserunt magna ullamco et nulla.',110.137,244.883,184.942,'2016-05-30',56334,1505230),(83071723,'https://picsum.photos/id/723/300/300',723,'Brainquil aliqua velit','5d38562a-904a-429a-b37b-52e2651af254','Magna sit cillum reprehenderit nulla esse.',158.785,219.657,247.142,'2017-09-24',76942,5868152),(83165304,'https://picsum.photos/id/304/300/300',304,'Quizmo veniam proident','75be16c8-b230-4042-b400-ed448e08c871','Voluptate aute proident duis irure culpa anim irure consectetur culpa.',189.834,269.066,255.273,'2017-07-27',63933,323016),(83231425,'https://picsum.photos/id/425/300/300',425,'Ecraze eiusmod cupidatat','0ddae4c2-6d70-42b3-96ba-3fca66eb6755','Ad est elit ut ad nostrud in cillum.',104.527,200.272,229.45,'2020-03-31',35865,6998263),(83438349,'https://picsum.photos/id/349/300/300',349,'Entogrok dolore aliquip','1a5462a4-cb93-4812-b09b-e0fbf553808f','Enim incididunt quis nulla aliquip laborum excepteur eiusmod esse.',153.255,226.52,190.248,'2020-08-17',79530,230052),(83519754,'https://picsum.photos/id/754/300/300',754,'Norali excepteur tempor','26d670e3-2539-472e-ac0c-6adb286f1b96','Cupidatat magna incididunt duis deserunt qui ad ex eu in tempor sint ea ipsum eu.',131.86,232.199,223.039,'2014-04-05',64363,3901117),(83690797,'https://picsum.photos/id/797/300/300',797,'Cedward dolor nisi','179377be-d115-4d02-acd6-e3af92d3b0b6','Pariatur nisi minim magna incididunt laborum.',94.0884,206.086,269.179,'2018-04-27',44987,9580112),(83721251,'https://picsum.photos/id/251/300/300',251,'Filodyne elit qui','e10493b2-992b-4747-9c0a-324d7b6ab32c','Et incididunt aliquip aute voluptate non dolore deserunt elit quis ad sit esse.',158.943,211.246,222.226,'2015-04-14',19763,200457),(83749232,'https://picsum.photos/id/232/300/300',232,'Fleetmix quis sit','ee478a1f-f93b-42dc-a524-a6b23546fb3e','Aliqua laborum consequat enim sit.',92.0266,275.573,246.863,'2017-04-06',90389,7743255),(83802203,'https://picsum.photos/id/203/300/300',203,'Snorus laboris aliqua','c6b600f8-36d9-4fcd-b9b6-d7d24677d834','Nostrud nisi sunt sit nulla dolore quis veniam elit voluptate amet nulla.',107.364,225.203,181.062,'2020-02-25',18221,9529147),(84029777,'https://picsum.photos/id/777/300/300',777,'Medcom velit excepteur','95c8f437-9f8d-40b2-bbca-0ec4605ba469','Cupidatat veniam pariatur quis ut consectetur ex pariatur commodo aliqua id.',99.0799,253.213,225.149,'2017-12-11',35568,4186101),(84111271,'https://picsum.photos/id/271/300/300',271,'Keengen cupidatat veniam','027d1ec1-d987-4f3f-9076-5d773965fa4d','Velit consectetur ut labore deserunt aute ea ex enim.',135.521,196.189,249.836,'2022-08-28',86278,796162),(84132830,'https://picsum.photos/id/830/300/300',830,'Zerology enim laborum','f65de2c7-b8cb-496c-9fd2-8dfb2a2b8439','Sit reprehenderit et et dolor magna occaecat non nostrud sunt nisi dolor in proident excepteur.',130.113,182.146,256.092,'2021-12-11',91059,7210139),(84559946,'https://picsum.photos/id/946/300/300',946,'Octocore tempor dolor','22bd6d09-6235-4a55-b5ae-4cf1740834ca','Ullamco adipisicing ipsum amet aliquip dolor.',114.229,180.697,209.25,'2016-01-07',15374,4883203),(84596574,'https://picsum.photos/id/574/300/300',574,'Digirang ipsum enim','cc768b11-097d-45f2-9f1c-7d3b0b208c28','Quis enim in aliquip fugiat nisi consequat fugiat Lorem ex officia nisi dolore.',108.326,254.135,224.413,'2016-08-29',96059,5610176),(84608442,'https://picsum.photos/id/442/300/300',442,'Matrixity consectetur fugiat','dba574aa-3f46-4f23-b5ce-aabb25244be0','Veniam non laboris consectetur id labore occaecat ex sit exercitation.',108.194,226.752,232.436,'2018-10-06',58598,3901117),(84660735,'https://picsum.photos/id/735/300/300',735,'Qnekt magna incididunt','617d771e-b068-46ec-ac0a-37bf209ad74e','Incididunt quis est ex et sunt magna do enim excepteur minim.',105.442,182.888,225.115,'2019-09-28',33100,5271116),(84690896,'https://picsum.photos/id/896/300/300',896,'Accruex pariatur magna','11c14efa-3a2d-4e55-a34e-1f016e4d297b','Mollit amet non aute qui cupidatat occaecat elit enim nisi.',140.239,239.793,228.718,'2014-04-14',34845,811076),(84704712,'https://picsum.photos/id/712/300/300',712,'Verbus id eu','859e782e-924e-46e9-8c85-e0d380c96352','Anim officia est sint sunt labore laborum ipsum.',178.074,273.487,252.033,'2014-12-29',49465,8533163),(84749125,'https://picsum.photos/id/125/300/300',125,'Endicil cupidatat aliquip','f754ae26-1da4-4fbc-ba57-7e6bd8d24202','Laborum labore adipisicing nulla et sint aliquip consectetur quis ad.',119.439,268.168,222.85,'2015-01-10',75724,3699111),(84752661,'https://picsum.photos/id/661/300/300',661,'Zosis nisi exercitation','5ad7da7d-0722-478e-91fe-02098d01b33c','Magna nostrud eiusmod in qui sint in duis labore excepteur cupidatat ex labore dolore irure.',118.845,278.189,279.102,'2022-10-28',72041,1212106),(84820732,'https://picsum.photos/id/732/300/300',732,'Gynk dolor dolor','b54bc0ef-0623-4f49-9b60-da0558a56c14','Incididunt esse culpa fugiat nisi.',167.871,224.914,193.953,'2016-12-20',59290,1160249),(84835323,'https://picsum.photos/id/323/300/300',323,'Musaphics aliqua mollit','84908034-e65a-4895-adfb-7a1a8b31afa8','Adipisicing tempor ut adipisicing sint reprehenderit dolor reprehenderit quis aute fugiat in consectetur.',175.562,219.931,219.862,'2019-04-25',38626,596418),(84960211,'https://picsum.photos/id/211/300/300',211,'Uni ad ad','f8baa6ff-37b9-4597-9e1f-65e452f10164','Velit laborum pariatur cupidatat duis est officia.',139.389,269.473,205.914,'2018-07-12',83651,7106213),(85005828,'https://picsum.photos/id/828/300/300',828,'Icology dolor nulla','51eca1ba-cc1b-4f79-a132-1ed1c5dbe5df','Reprehenderit consequat aute commodo sunt culpa Lorem exercitation est nisi commodo consequat consectetur Lorem.',186.316,230.193,209.292,'2019-10-26',23580,5363259),(85211794,'https://picsum.photos/id/794/300/300',794,'Krag mollit magna','dae6d90d-7c73-4c11-b69b-a1097fb43a57','Cupidatat ut ullamco dolore velit exercitation enim nisi aliquip cupidatat ex id irure.',184.305,206.779,187.579,'2020-05-27',21096,647231),(85232675,'https://picsum.photos/id/675/300/300',675,'Caxt aliquip excepteur','b5e5dc7d-c08d-4061-94f8-e37e1ab35526','Amet consectetur laboris exercitation consectetur voluptate mollit eiusmod tempor tempor elit laborum ut excepteur tempor.',181.313,200.47,233.73,'2022-07-10',79565,8456267),(85311635,'https://picsum.photos/id/635/300/300',635,'Malathion ad ad','4328d638-b142-4aab-a1d5-e58430aa7088','Aliqua commodo ut cupidatat velit et exercitation ullamco dolor.',120.688,241.039,255.268,'2021-09-26',89503,7987181),(85648152,'https://picsum.photos/id/152/300/300',152,'Adornica consequat laborum','c4c89f00-a728-4b63-b9ed-233977c666d7','Nostrud aute id dolore eiusmod ea enim cillum deserunt elit fugiat elit eu in.',108.403,259.265,224.261,'2022-03-28',32103,826344),(85686269,'https://picsum.photos/id/269/300/300',269,'Lumbrex aliquip id','d308f193-2a75-4016-b3ae-ac8d28551732','Culpa non culpa amet consequat aliqua minim do non nisi.',162.431,239.123,272.765,'2014-02-20',56523,7791119),(85765937,'https://picsum.photos/id/937/300/300',937,'Letpro esse quis','556d6e19-dd30-4b20-bec0-aabe1c1644e1','Adipisicing tempor sint qui in sint aliqua consectetur ut ex id.',138.008,230.229,230.622,'2015-11-30',77981,17191),(85842632,'https://picsum.photos/id/632/300/300',632,'Apexia elit nostrud','4c04aed9-8b9d-4a77-9534-0851244dd875','Excepteur sint fugiat dolore elit dolor irure consectetur irure nulla esse reprehenderit sunt.',171.552,261.67,199.779,'2022-03-15',75330,4883203),(85905285,'https://picsum.photos/id/285/300/300',285,'Accusage ipsum occaecat','2856bbfe-01a0-4b1a-a912-4d9a9b78fea0','Anim qui minim ex enim aliquip do qui elit labore esse eu laboris.',185.14,235.326,225.793,'2018-05-20',72387,580574),(86012542,'https://picsum.photos/id/542/300/300',542,'Orbin voluptate labore','8418b502-d8a7-40d5-b462-860dcd6cf820','Exercitation Lorem do do est nostrud incididunt voluptate Lorem anim consectetur.',141.326,267.49,254.192,'2017-06-27',81250,4410246),(86135364,'https://picsum.photos/id/364/300/300',364,'Pholio eiusmod labore','4d494a8d-8884-461d-984b-9b95fd67fc82','Est nulla labore tempor anim.',102.32,183.939,258.142,'2015-03-12',57449,484073),(86337411,'https://picsum.photos/id/411/300/300',411,'Comfirm incididunt in','b5ffe95e-e3e1-452e-b0fb-e1cb62d59da1','Aliquip cillum exercitation ipsum culpa.',156.209,213.771,197.88,'2014-06-05',96990,6590146),(86470672,'https://picsum.photos/id/672/300/300',672,'Uxmox mollit minim','542e5c66-7ed8-442e-a299-38b28c73f599','Magna proident esse reprehenderit mollit commodo fugiat incididunt laborum culpa eu ea.',133.679,197.052,274.993,'2015-02-21',74164,7749244),(86698375,'https://picsum.photos/id/375/300/300',375,'Zentry amet consequat','d1638653-909e-46a8-b7b5-b6b126d8dbac','Ipsum laboris incididunt cillum non pariatur et culpa dolore dolore sunt elit.',146.237,256.878,196.271,'2019-03-31',36931,327023),(86805547,'https://picsum.photos/id/547/300/300',547,'Paprikut enim adipisicing','69ba96ec-e1af-40df-8fa6-e048ad20c0ec','Sint proident eu incididunt do sit ut sint.',162.158,193.675,191.247,'2015-04-05',94619,3259192),(86869745,'https://picsum.photos/id/745/300/300',745,'Phuel pariatur ipsum','7d0d1e6e-a9e2-4f0c-b2f4-58943c8bb59f','Magna ea velit minim fugiat tempor reprehenderit elit ea voluptate minim sunt excepteur culpa.',142.553,215.528,258.694,'2022-01-18',11532,438363),(87045373,'https://picsum.photos/id/373/300/300',373,'Quordate incididunt ullamco','88cb7c9e-cc21-4719-ab30-72388c81c7a1','In dolor ut nostrud labore id velit eu ad.',106.583,227.465,258.869,'2018-06-30',72119,4128150),(87171268,'https://picsum.photos/id/268/300/300',268,'Anarco laborum anim','9db88236-eaca-4736-99e0-fbd6c1c28029','Dolore quis laboris exercitation nostrud incididunt cupidatat esse fugiat reprehenderit est magna deserunt.',161.691,278.886,213.942,'2018-01-02',92956,5754105),(87185343,'https://picsum.photos/id/343/300/300',343,'Kyaguru irure sit','ca69cef9-9290-4622-9d3a-eeceb9c2234a','Irure aliqua ad laboris enim voluptate cupidatat duis dolore minim elit ea esse.',124.799,202.99,264.598,'2020-02-04',93650,394261),(87281599,'https://picsum.photos/id/599/300/300',599,'Exospace sunt nostrud','dc04e541-8616-4611-9f30-082c74d84917','Irure aliquip in magna occaecat.',120.289,273.146,210.507,'2021-09-14',43433,9130235),(87315969,'https://picsum.photos/id/969/300/300',969,'Quilm quis labore','b3ab0fba-8381-4de9-8d67-f9530e5605a5','Officia aliquip excepteur aute ea anim exercitation veniam eu sint enim nostrud reprehenderit duis elit.',129.087,180.735,228.191,'2021-11-09',30148,698665),(87495163,'https://picsum.photos/id/163/300/300',163,'Farmage nisi magna','327325cf-49cd-498b-90af-15af2be6248f','Sunt commodo excepteur deserunt nostrud anim id.',148.318,200.858,181.752,'2021-01-06',38354,8640170),(87799213,'https://picsum.photos/id/213/300/300',213,'Miraclis ipsum officia','5584eb49-da44-4a77-b7ca-45106df308ac','Ullamco Lorem fugiat labore in non amet consectetur.',123.996,225.055,240.505,'2017-10-03',75680,6107224),(88000610,'https://picsum.photos/id/610/300/300',610,'Cogentry velit sit','27ff57bb-c36f-4577-aee0-8794ef411134','Amet aliqua excepteur Lorem voluptate.',111.622,275.696,180.456,'2022-07-09',32538,717751),(88205567,'https://picsum.photos/id/567/300/300',567,'Qot nisi ea','9270d368-062d-4e75-9f5f-e78301367750','Id ipsum deserunt voluptate deserunt aliquip dolore culpa ex amet quis.',158.328,240.073,222.625,'2018-09-29',73208,5610176),(88262127,'https://picsum.photos/id/127/300/300',127,'Hometown veniam aute','1d4da5fe-4a65-446a-9f5a-0414ce95788c','Mollit ex deserunt velit excepteur consequat eiusmod enim est aliquip elit velit incididunt.',131.032,277.842,221.348,'2014-06-08',58939,8441166),(88345497,'https://picsum.photos/id/497/300/300',497,'Ezent do pariatur','8247412d-4c47-4416-8f9d-42e2b8924b44','Ex consectetur culpa dolor Lorem cupidatat esse nostrud officia reprehenderit.',179.222,216.87,194.885,'2018-07-30',68111,373534),(88770813,'https://picsum.photos/id/813/300/300',813,'Accupharm esse non','19752457-1afa-4c61-9e40-a3333af4a290','Magna est ex consequat cupidatat.',126.778,238.679,221.967,'2018-11-12',85348,5868152),(88883361,'https://picsum.photos/id/361/300/300',361,'Comtent dolore occaecat','7c8106f8-96f0-4240-a801-5ca8ba80b4e3','Duis nisi deserunt aute fugiat laboris dolor nostrud consequat do consectetur ea laborum.',174.032,226.064,186.805,'2021-07-23',76656,3985107),(89016347,'https://picsum.photos/id/347/300/300',347,'Realmo amet irure','1eeeb191-9c78-490a-b9e9-c9618045421b','Laborum ut reprehenderit nulla proident irure enim eiusmod labore exercitation minim laborum.',188.606,209.84,225.188,'2019-12-02',14269,594514),(89089995,'https://picsum.photos/id/995/300/300',995,'Obliq incididunt magna','e6aaba98-61f1-47b1-b25e-a4713c1b9387','Cupidatat id cupidatat deserunt reprehenderit consequat consectetur incididunt consectetur esse.',172.072,226.57,201.981,'2014-10-25',57388,2522164),(89162844,'https://picsum.photos/id/844/300/300',844,'Exiand elit excepteur','672cb969-a601-46eb-8757-9cc4228947ea','Fugiat consequat esse enim ex pariatur culpa commodo.',189.937,239.711,264.806,'2019-07-30',23989,9130235),(89162987,'https://picsum.photos/id/987/300/300',987,'Bittor sunt enim','acc08ef2-cc3d-4253-93e8-e0ea86215274','Voluptate veniam ea est occaecat Lorem tempor ullamco tempor sit id anim.',98.7171,181.202,208.035,'2019-07-23',25885,3505195),(89260320,'https://picsum.photos/id/320/300/300',320,'Asimiline voluptate sit','8439e5a6-a6db-4494-8701-a69b6b5566af','Laborum aute minim aute eiusmod do culpa labore.',185.022,242.878,258.945,'2018-12-10',14009,3907240),(89300392,'https://picsum.photos/id/392/300/300',392,'Exozent laboris ea','07098d70-c382-46ba-8156-ed30ec157bef','Et magna excepteur laboris dolore nostrud.',172.417,249.791,266.194,'2019-04-27',67403,286324),(89385164,'https://picsum.photos/id/164/300/300',164,'Overfork et quis','0484a63c-97f0-4540-baa3-6d8b34d871af','Minim esse exercitation dolor quis aliqua aliquip eiusmod.',133.465,265.585,235.361,'2020-01-23',49554,405767),(89420727,'https://picsum.photos/id/727/300/300',727,'Talendula aute eu','13cbf473-f6fa-426b-a9c6-3f7119b37e00','Ullamco aliqua proident quis ut.',136.118,223.553,237.581,'2016-09-23',67922,4186101),(89751354,'https://picsum.photos/id/354/300/300',354,'Automon culpa duis','bb2be0d6-cbdf-4c96-9502-ee841704000a','Sunt est ea cupidatat ea.',174.287,189.068,244.848,'2015-12-10',36089,7823167),(89782981,'https://picsum.photos/id/981/300/300',981,'Frenex deserunt consequat','d7eab2a0-9832-476e-b844-1cf1f6156b35','Pariatur velit sunt sit dolor culpa velit mollit esse.',111.194,234.854,205.538,'2022-04-05',24773,7749244),(89818662,'https://picsum.photos/id/662/300/300',662,'Eschoir et qui','41448c9e-26e5-4fb3-a985-9eff208ae3aa','In commodo cupidatat sit elit.',168.54,209.75,265.525,'2016-12-06',69452,587489),(89964259,'https://picsum.photos/id/259/300/300',259,'Scenty proident cupidatat','093c5bdf-fa77-4085-916f-ffdf7641c98a','Commodo nostrud ipsum ex sunt.',138.34,258.643,222.636,'2017-12-29',34962,6984282),(89971806,'https://picsum.photos/id/806/300/300',806,'Applideck sit consectetur','4087eee5-2426-4a0a-8cec-e63c2d89df3f','Ipsum nostrud aliqua labore aliquip cupidatat fugiat exercitation ipsum mollit adipisicing incididunt in.',183.296,239.707,241.42,'2019-03-28',29446,9580112),(90034158,'https://picsum.photos/id/158/300/300',158,'Geoform ad quis','4a40e474-759c-4fdf-af39-f2d5200498d4','Non in voluptate deserunt aliqua irure aliquip consectetur aliquip minim magna non.',110.094,206.836,182.999,'2016-08-11',75990,8521254),(90125140,'https://picsum.photos/id/140/300/300',140,'Trasola dolor non','dfd372df-5fe9-4722-aae4-8bf2da1eafe1','Qui quis adipisicing dolor pariatur et ullamco consectetur reprehenderit.',125.685,208.948,216.784,'2020-12-30',64083,788519),(90237342,'https://picsum.photos/id/342/300/300',342,'Confrenzy pariatur et','a13516f5-efc3-483d-86c8-8c362a19d299','In aliqua consequat enim dolore tempor.',97.7954,278.151,279.06,'2018-10-04',87736,698665),(90245229,'https://picsum.photos/id/229/300/300',229,'Nebulean laborum ad','298a0b17-d980-404f-a21b-a71ffeb951db','Consequat commodo labore irure occaecat.',145.635,265.892,216.807,'2019-08-01',35333,8341233),(90297446,'https://picsum.photos/id/446/300/300',446,'Netagy deserunt quis','afafc7c5-3f6d-43c9-bb29-3260bf2dc678','Magna officia magna veniam dolore veniam proident esse.',156.319,239.347,264.924,'2016-09-22',92893,246887),(90363470,'https://picsum.photos/id/470/300/300',470,'Pushcart minim voluptate','0cae202d-202d-4e33-80aa-3f8b096efdf6','Aliqua sit ad incididunt in reprehenderit aliqua ex anim anim pariatur ullamco reprehenderit.',162.501,224.965,272.094,'2017-11-01',92845,7063165),(90414133,'https://picsum.photos/id/133/300/300',133,'Exospeed ullamco anim','571e7e87-a083-4939-a9cd-54765991b47f','Fugiat et eiusmod ex veniam irure ad consectetur eiusmod esse.',132.574,245.448,237.376,'2014-02-16',36278,359790),(90522744,'https://picsum.photos/id/744/300/300',744,'Andryx commodo et','af296b48-890a-42a1-aeae-b67deea88374','Commodo eiusmod excepteur excepteur incididunt ex est duis laboris.',172.507,234.757,201.325,'2018-01-17',55712,1212106),(90731499,'https://picsum.photos/id/499/300/300',499,'Comcubine ut duis','006e24f7-be8f-4fba-83e2-3292cda72e6c','Cupidatat aute occaecat esse ad consectetur veniam dolor aute dolore culpa irure.',97.5248,206.414,251.314,'2019-11-30',80575,7409250),(90926371,'https://picsum.photos/id/371/300/300',371,'Eventage occaecat tempor','91e32e02-c7a9-4ace-bd4d-ffa4895c0a73','Quis officia Lorem ex do velit.',184.594,190.319,199.124,'2021-03-01',99942,9580112),(90972923,'https://picsum.photos/id/923/300/300',923,'Omnigog velit velit','a9591f7a-e812-4420-8ff8-b6803a245643','Voluptate ea anim reprehenderit sint voluptate incididunt Lorem ex ut.',163.542,218.751,228.229,'2020-03-03',28267,3907240),(91111792,'https://picsum.photos/id/792/300/300',792,'Mangelica occaecat cillum','a2bd1aba-2461-45d5-b260-bfcb838f4b1b','Excepteur labore exercitation pariatur mollit minim dolore enim quis enim.',132.191,233.838,265.674,'2019-12-24',84799,8468129),(91118879,'https://picsum.photos/id/879/300/300',879,'Norsup labore et','c7a2ad74-9f1b-4f62-88d6-cb8b0477f885','Qui do dolor consectetur eu sunt exercitation do irure Lorem mollit occaecat amet irure est.',104.7,207.21,260.162,'2015-02-05',23639,3259192),(91190800,'https://picsum.photos/id/800/300/300',800,'Zytrex ex tempor','ca529ee6-1839-46a8-b455-d61b57a7e075','Ullamco elit dolor duis incididunt et ex cillum ipsum.',150.143,267.826,242.732,'2021-01-11',48988,4556226),(91194931,'https://picsum.photos/id/931/300/300',931,'Sulfax incididunt ut','b7b51336-f7c3-4a07-8552-c50c8766e99a','Culpa velit velit qui ad laboris labore ad veniam ex laboris cillum pariatur sunt ullamco.',178.534,272.852,219.281,'2020-11-03',38683,8468129),(91288144,'https://picsum.photos/id/144/300/300',144,'Pearlesex tempor do','1a820603-b4aa-4cd6-8b5d-ec7919cd8c27','Quis fugiat enim nostrud culpa officia anim.',178.886,191.266,234.113,'2016-02-17',29675,9627211),(91316898,'https://picsum.photos/id/898/300/300',898,'Zilodyne cupidatat sunt','0ae5f879-2284-454e-b5d9-4cb13d4b7517','Anim pariatur aliqua ullamco qui nostrud et cillum incididunt.',144.733,262.676,247.685,'2017-06-28',14553,762742),(91387457,'https://picsum.photos/id/457/300/300',457,'Cosmetex nisi ad','e6257f8e-340a-4578-8b5a-ae4a968ae42f','Cillum exercitation deserunt exercitation anim duis voluptate cillum.',174.904,214.791,229.783,'2022-06-24',56640,3792273),(91404713,'https://picsum.photos/id/713/300/300',713,'Tropolis ipsum voluptate','6c5bafee-6379-4428-81eb-637c23db5e7a','Mollit officia esse sunt exercitation anim sint excepteur nostrud ut irure enim proident dolor officia.',142.101,201.401,252.099,'2020-10-15',13875,580574),(91425507,'https://picsum.photos/id/507/300/300',507,'Centice commodo excepteur','8ba66936-ec40-4336-b68c-8a2db47119a7','Cupidatat ut labore aliqua magna excepteur velit aliqua proident.',108.456,274.645,251.792,'2018-10-24',77318,123758),(91457630,'https://picsum.photos/id/630/300/300',630,'Ovium excepteur aliquip','3ab20fd2-564b-469c-a681-3186b2b06ef5','Nostrud reprehenderit aute ad ipsum excepteur proident consequat.',103.897,213.543,253.282,'2015-06-20',19415,501393),(91538766,'https://picsum.photos/id/766/300/300',766,'Zedalis eu ullamco','6b4774ef-0790-4668-a600-b418d15e5e4d','Quis consectetur est anim do et nostrud dolore non quis.',182.194,253.619,263.561,'2021-11-07',75261,3430136),(91569437,'https://picsum.photos/id/437/300/300',437,'Lexicondo amet consequat','03f4db2e-c27d-4324-9f61-7665e4cc2706','Fugiat veniam anim Lorem dolore adipisicing Lorem adipisicing culpa.',90.2682,216.903,192.921,'2021-07-12',77378,9729120),(91648784,'https://picsum.photos/id/784/300/300',784,'Zilladyne occaecat magna','316a882c-eef7-4233-b65d-145c72616eb8','Velit voluptate proident nostrud cupidatat duis eiusmod irure ex.',142.611,253.293,190.161,'2015-08-03',54879,647231),(91767795,'https://picsum.photos/id/795/300/300',795,'Frolix enim adipisicing','e45cea47-20a6-415e-9c22-72c84232d89e','Occaecat tempor laboris deserunt exercitation adipisicing eu enim non esse.',160.228,254.205,249.44,'2021-05-17',23600,5685292),(91809598,'https://picsum.photos/id/598/300/300',598,'Enaut qui cillum','8904ef60-8434-4089-9b73-010a5a719965','Veniam adipisicing occaecat duis nulla labore nulla enim eu ad.',142.699,273.841,232.004,'2016-12-31',44813,7882284),(91904868,'https://picsum.photos/id/868/300/300',868,'Incubus ipsum nulla','f05cc39b-216f-4058-9d31-58eb5e46cb78','Ullamco voluptate est exercitation pariatur nisi qui.',127.849,220.726,271.559,'2016-06-22',37843,1212106),(91938448,'https://picsum.photos/id/448/300/300',448,'Lyrichord elit ipsum','15530a7b-69cb-4a09-b3f5-252e1bfc7ee8','Sint ipsum eu eiusmod Lorem sunt quis enim aliquip.',163.274,261.769,275.692,'2021-01-20',10854,6198175),(91938999,'https://picsum.photos/id/999/300/300',999,'Gogol sint excepteur','6c7cc4be-180b-4296-a595-8ca1354132b3','Cillum adipisicing reprehenderit ipsum ea eiusmod adipisicing elit eu consequat velit ut.',156.961,194.507,273.345,'2015-12-08',27700,3699111),(92009518,'https://picsum.photos/id/518/300/300',518,'Portalis qui ullamco','d72261d3-04eb-4c95-a224-07737276cd79','Consectetur adipisicing aute cupidatat enim incididunt fugiat amet cupidatat cupidatat do aliquip consectetur.',141.616,266.64,244.715,'2015-07-07',14240,3570177),(92072469,'https://picsum.photos/id/469/300/300',469,'Enthaze anim minim','919b2fc7-7ee4-4ddf-8ef0-0bf0273bbb02','Aute do ex in excepteur excepteur aute laboris deserunt sint dolor deserunt tempor consectetur nisi.',144.886,199.563,186.941,'2019-04-30',68528,3907240),(92077362,'https://picsum.photos/id/362/300/300',362,'Zolar duis aute','d83bfc92-5acb-464a-96da-6bd77e012027','Fugiat enim sint qui ipsum irure voluptate culpa reprehenderit reprehenderit ipsum enim nisi do laboris.',139.282,212.664,242.418,'2019-07-27',38212,407628),(92379292,'https://picsum.photos/id/292/300/300',292,'Surelogic mollit consectetur','a5c75e89-1d0c-462b-a81b-095197df4042','Amet dolor proident occaecat laborum ex exercitation non consequat id aliqua nisi esse tempor.',100.684,233.995,218.172,'2016-08-27',39381,484073),(92380688,'https://picsum.photos/id/688/300/300',688,'Zensor amet excepteur','5789b125-127a-441b-abda-956d763c184a','Cillum amet tempor id eu labore ea.',152.945,272.955,257.19,'2017-07-03',36785,6158121),(92454408,'https://picsum.photos/id/408/300/300',408,'Delphide officia aliquip','87a18909-5f14-403d-99a6-ddaa2abe167b','Laboris pariatur dolore nulla duis ea ullamco culpa pariatur cupidatat eiusmod amet elit id.',133.352,207.761,230.821,'2022-05-25',32572,13138),(92502827,'https://picsum.photos/id/827/300/300',827,'Anixang laboris fugiat','cff0d6eb-db15-49f3-8213-21048627876a','Aliqua commodo ut nostrud minim velit culpa exercitation cillum nisi duis.',147.951,262.579,264.936,'2017-03-13',24299,518672),(92749188,'https://picsum.photos/id/188/300/300',188,'Datagene qui do','945e981f-377a-49ad-9418-f5a225938c3f','Commodo enim nostrud ex aute nulla mollit.',149.664,266.284,193.291,'2021-09-09',59143,3943222),(92757934,'https://picsum.photos/id/934/300/300',934,'Callflex do sunt','645ce3e3-ca0b-499a-b01f-545dfcd1a843','Irure aliquip fugiat dolore laboris voluptate deserunt exercitation excepteur enim sit Lorem in laboris anim.',103.62,184.982,186.928,'2022-04-10',22104,7276202),(92795563,'https://picsum.photos/id/563/300/300',563,'Bristo cillum cillum','7640b066-c2a0-47ff-a7d0-874226ab7cd2','Culpa proident dolor nisi cupidatat esse deserunt.',148.218,255.202,269.279,'2019-09-18',43794,4023221),(93031165,'https://picsum.photos/id/165/300/300',165,'Zenthall voluptate velit','88f90d7b-41a9-4f60-b8bb-2b4b89cfcfcf','Velit ea id duis ex irure qui eiusmod magna Lorem non pariatur qui.',140.299,208.019,222.575,'2021-10-27',68710,8341233),(93429261,'https://picsum.photos/id/261/300/300',261,'Quailcom pariatur Lorem','355ffc77-aa07-42df-bf37-4697cf59a8bc','Cupidatat nostrud aliquip aliquip amet tempor laboris.',185.009,234.529,188.18,'2022-04-16',82005,3039138),(93603393,'https://picsum.photos/id/393/300/300',393,'Repetwire amet labore','a321eef3-4652-4f8f-aa33-eec287e5dbb6','Duis laborum excepteur nulla amet adipisicing duis incididunt laboris enim adipisicing.',152.306,210.656,223.7,'2015-01-03',35317,4846178),(93704236,'https://picsum.photos/id/236/300/300',236,'Kenegy sint anim','d32577d4-59d0-4841-b47f-e2dbe7eed4a0','Incididunt aute labore minim magna deserunt ex minim eu minim eu ad veniam qui.',135.809,277.959,258.257,'2018-08-06',33908,3259192),(93710552,'https://picsum.photos/id/552/300/300',552,'Exoswitch laborum nostrud','acb2b84b-dd74-43ef-9aec-70f628197b81','Eiusmod duis officia occaecat laborum dolore fugiat voluptate.',179.348,278.109,191.832,'2022-09-25',46879,4556226),(93767882,'https://picsum.photos/id/882/300/300',882,'Amtap eiusmod duis','e6e5aa13-255f-43e0-b43f-3b67230c50ae','Pariatur consectetur excepteur fugiat ex aliquip aute sint.',115.887,231.042,248.291,'2014-05-17',55642,677013),(93856109,'https://picsum.photos/id/109/300/300',109,'Maxemia laborum ad','06f3029f-48bb-4471-9462-0c8939f6f6a4','Eiusmod nisi ullamco laborum ut velit esse in veniam mollit enim sint ex.',158.866,212.717,207.189,'2021-12-21',67674,2691219),(93966597,'https://picsum.photos/id/597/300/300',597,'Musix cillum aliqua','649e60df-219a-4c60-851e-ffccac95f385','Ut esse minim dolore adipisicing dolor ex nisi id ipsum.',158.915,209.378,237.411,'2014-04-02',22047,5783220),(94043718,'https://picsum.photos/id/718/300/300',718,'Essensia consectetur mollit','c7aa1f03-ba37-4dcf-9e72-e4cc71a79d27','Quis eu Lorem consectetur deserunt quis nulla do minim enim.',139.486,216.251,233.097,'2021-09-18',75702,9411237),(94049360,'https://picsum.photos/id/360/300/300',360,'Recrisys ipsum id','62788b21-2e02-4f7b-af24-0b6d473b0091','Quis exercitation irure amet ad dolore eu culpa tempor.',180.564,213.889,254.479,'2019-06-04',37936,9881196),(94077775,'https://picsum.photos/id/775/300/300',775,'Quilk sit ipsum','b244fd7c-d37b-44bc-8f7e-4061a3559f53','Irure pariatur non nostrud adipisicing exercitation dolor.',147.669,246.988,183.799,'2022-06-06',47706,6998263),(94082525,'https://picsum.photos/id/525/300/300',525,'Amril proident id','0823a63d-7991-4e27-bae1-72010b88bf29','Commodo reprehenderit voluptate pariatur laborum.',124.015,235.066,192.033,'2022-07-29',88911,7239133),(94109422,'https://picsum.photos/id/422/300/300',422,'Lyria aute pariatur','25d9fa84-f424-410a-bf57-eaefd2601b63','Enim cillum qui fugiat duis dolor pariatur deserunt dolor aute dolor ullamco laboris adipisicing officia.',139.13,187.757,249.229,'2021-04-16',62974,6471207),(94351153,'https://picsum.photos/id/153/300/300',153,'Comstar in excepteur','16d9e876-fd32-47d8-b707-bc0b8c3e9ecd','Reprehenderit quis cupidatat pariatur tempor magna velit consectetur dolor enim non aliqua laboris.',103.196,261.129,196.735,'2020-03-17',39279,3266115),(94393415,'https://picsum.photos/id/415/300/300',415,'Conjurica ex pariatur','a033ffa6-e322-42e6-b182-d6d48825fb62','Excepteur ipsum aliquip culpa aliqua.',122.266,185.624,275.581,'2018-05-10',65991,16117),(94522885,'https://picsum.photos/id/885/300/300',885,'Xixan pariatur veniam','c128bb4a-53c3-445d-ada8-6b443d2780c9','Reprehenderit reprehenderit fugiat pariatur eu cupidatat sint veniam non.',181.342,195.453,253.465,'2019-02-17',92151,9076194),(94524350,'https://picsum.photos/id/350/300/300',350,'Apex aute eiusmod','e2e1cdd0-0ca5-4947-9f95-d40130fd96b4','Culpa cillum sit laboris dolore elit aliquip do eiusmod qui ut.',175.921,192.716,187.863,'2018-04-22',54165,669421),(94566305,'https://picsum.photos/id/305/300/300',305,'Interfind esse labore','315f9685-d611-4abd-b0c0-47a773c9446b','Aliquip ipsum ex non excepteur ex eu.',160.668,247.713,204.034,'2022-04-23',12207,6212257),(94596277,'https://picsum.photos/id/277/300/300',277,'Bedlam mollit nostrud','ba9fd025-1e79-4136-a79b-b53ee581019a','Aliqua labore tempor magna cupidatat deserunt cillum officia.',145.081,211.695,255.236,'2020-03-21',18285,327869),(94633204,'https://picsum.photos/id/204/300/300',204,'Marketoid amet incididunt','db96b969-bdb9-434b-adaf-4fcad95d71b5','Dolor do consectetur velit esse adipisicing ex.',167.613,192.099,188.165,'2019-11-18',55101,2718186),(94704929,'https://picsum.photos/id/929/300/300',929,'Acrodance voluptate occaecat','4242b443-972b-4d1c-99fe-30d85016acff','Enim magna aute id id.',131.007,186.698,233.1,'2015-10-26',80731,467829),(94778939,'https://picsum.photos/id/939/300/300',939,'Geekko duis cillum','33cf9402-501d-434c-b7e2-59c1105b5d37','Labore veniam aliquip ullamco consequat velit esse et esse nostrud mollit veniam.',158.561,219.102,209.716,'2021-02-12',32601,9328109),(95014899,'https://picsum.photos/id/899/300/300',899,'Biohab minim anim','c6dcead2-fad5-4275-b0fa-fa00a6e724b4','Est consectetur sit Lorem ipsum aliquip tempor.',142.272,263.502,252.458,'2021-02-01',66179,949526),(95055180,'https://picsum.photos/id/180/300/300',180,'Enervate mollit veniam','d80cd41e-0c94-4581-b6f6-1ba4ed7a8b69','Aute adipisicing in cupidatat minim proident occaecat.',175.466,218.029,229.004,'2019-02-04',25293,3464113),(95104726,'https://picsum.photos/id/726/300/300',726,'Plasto consequat ad','37c41d6c-5e9e-4c86-a1c0-cb47cdd2c31e','Nisi veniam culpa minim commodo tempor.',104.28,261.756,204.988,'2021-08-07',38639,5754105),(95111210,'https://picsum.photos/id/210/300/300',210,'Retrotex occaecat duis','8274fe74-0db0-49a2-b92a-b2209d9c7944','Eu irure mollit non mollit occaecat.',182.554,192.358,245.864,'2020-08-09',73594,6107224),(95245312,'https://picsum.photos/id/312/300/300',312,'Isoternia ullamco ut','ced524bd-9967-4be7-869c-9c923f5e974f','Ipsum sint excepteur ea qui reprehenderit ea dolor qui.',113.913,246.777,221.569,'2020-01-04',53796,3670197),(95471805,'https://picsum.photos/id/805/300/300',805,'Viagreat officia eiusmod','1233ed6e-c2e5-42ef-a4f4-d4a9630a42d9','Do laboris voluptate voluptate labore ipsum nisi tempor minim.',169.583,225.804,241.54,'2020-03-26',90753,5832241),(95524298,'https://picsum.photos/id/298/300/300',298,'Inquala anim aliqua','2edd6baa-f753-4f04-b074-117b966156fd','Tempor cupidatat deserunt occaecat dolor cillum deserunt qui non.',119.445,260.958,194.53,'2015-12-22',34963,9450145),(95535803,'https://picsum.photos/id/803/300/300',803,'Translink non magna','eb29bfc5-f6cd-4b59-9fa6-b9e4c2baa6fc','Est ipsum in ullamco nisi exercitation veniam elit officia cupidatat aute aliquip officia excepteur id.',134.224,223.616,234.915,'2019-04-10',81687,189746),(95712640,'https://picsum.photos/id/640/300/300',640,'Valpreal nisi laborum','15ea194d-6083-49a4-a804-9b4236a287cb','Aute ullamco in elit ad qui in.',170.022,226.017,230.366,'2016-02-06',99019,8053266),(95754616,'https://picsum.photos/id/616/300/300',616,'Empirica ad et','ccea9df3-5f98-497b-a7d4-5f53ede162cf','Lorem Lorem cillum ex ex sunt.',189.286,236.254,242.935,'2017-06-03',94832,587489),(95820294,'https://picsum.photos/id/294/300/300',294,'Pyramax mollit nulla','f5f608c1-94d0-4b5b-bdc8-e15636a4b152','Consectetur deserunt excepteur proident do mollit pariatur consectetur sint nisi.',172.58,198.905,204.738,'2016-03-17',80161,828639),(95940397,'https://picsum.photos/id/397/300/300',397,'Ecosys irure culpa','92478678-4dbb-40a0-a788-4eeac7bc336e','Ipsum aliqua nisi reprehenderit irure ullamco duis amet excepteur id ut voluptate occaecat mollit.',174.784,231.676,190.382,'2015-09-02',47026,9337185),(96124905,'https://picsum.photos/id/905/300/300',905,'Obones laboris et','05be2e1b-beac-4683-9079-f159aa3bece3','Labore labore ea sit esse commodo do dolore.',165.879,232.772,271.372,'2014-03-07',72198,7239133),(96145311,'https://picsum.photos/id/311/300/300',311,'Exoblue Lorem minim','ec84fb7e-9999-45e9-be7f-cb516db88470','Sint enim anim anim fugiat pariatur consequat commodo ipsum reprehenderit sit dolor.',99.1106,253.762,263.633,'2021-05-15',69186,3985107),(96209642,'https://picsum.photos/id/642/300/300',642,'Hotcakes laboris sunt','d208e38a-f6d4-4285-bcaf-075c03d33a5f','Ex enim excepteur irure ullamco nostrud minim anim pariatur velit mollit.',93.3875,278.035,225.427,'2014-11-06',33861,5046247),(96288935,'https://picsum.photos/id/935/300/300',935,'Pyrami dolor non','8594eea9-9a15-4f1e-adbe-591c1dbc6a09','Lorem Lorem voluptate et excepteur aliqua excepteur anim nulla cupidatat nulla nostrud.',103.768,240.672,259.116,'2015-12-24',36270,9390151),(96735376,'https://picsum.photos/id/376/300/300',376,'Remotion ad ut','a54121ba-e3fc-4f9a-a52e-985c4366a429','Ut culpa commodo do occaecat.',119.326,263.566,279.687,'2019-09-07',89382,1266283),(96979504,'https://picsum.photos/id/504/300/300',504,'Futurity esse nostrud','ce921661-c73d-4f72-8852-963f161960f2','Occaecat cillum occaecat labore fugiat cupidatat labore ipsum mollit sunt non duis.',96.6214,201.347,254.137,'2016-12-16',48860,7882284),(96996677,'https://picsum.photos/id/677/300/300',677,'Geekfarm aliquip proident','5d17b364-9453-4bb9-90b4-0e1943cda15a','Labore qui ipsum sint fugiat id nisi eu non ut et pariatur Lorem amet.',156.18,228.794,232.079,'2019-09-17',74391,316994),(97190763,'https://picsum.photos/id/763/300/300',763,'Polarax eiusmod aute','093a4f3e-fac9-44da-aed9-0de74fb6d110','Sit tempor adipisicing commodo ad qui ex sit sunt dolor aute id fugiat.',169.582,265.042,271.721,'2015-04-15',31249,819171),(97218849,'https://picsum.photos/id/849/300/300',849,'Slambda irure enim','dc833224-8af9-4c04-8d80-bb3042bb09f0','Duis labore proident aute magna officia ullamco voluptate id reprehenderit id anim elit reprehenderit.',124.828,214.689,202.098,'2022-05-22',10471,983035),(97285262,'https://picsum.photos/id/262/300/300',262,'Neocent est ullamco','d4205a61-bbdb-4d05-8ce4-20411da28099','Eiusmod mollit esse esse ipsum officia.',178.887,229.747,269.624,'2015-10-24',47266,3206299),(97335973,'https://picsum.photos/id/973/300/300',973,'Orboid qui consectetur','01deb2aa-27b2-4aef-82d9-b2d41a423090','Aliqua nulla commodo laborum proident in eiusmod fugiat occaecat incididunt sint esse dolor minim.',159.791,194.947,205.092,'2014-02-08',83797,4933156),(97362721,'https://picsum.photos/id/721/300/300',721,'Xplor proident incididunt','261ee0ba-ae73-4ab7-9d85-e9446f96d40e','Enim consectetur aliqua culpa commodo sit commodo deserunt voluptate commodo minim ipsum aliquip et est.',114.391,249.965,219.65,'2014-08-02',65097,9450145),(97388933,'https://picsum.photos/id/933/300/300',933,'Stockpost et nisi','7efd06cb-4b2d-4b88-ba85-cc8b06809248','Cupidatat velit aute laboris ex laboris cupidatat magna.',149.771,222.186,244.691,'2022-03-29',56230,2063297),(97407703,'https://picsum.photos/id/703/300/300',703,'Eplosion aute ut','d0cb50c5-420c-4cb1-9a50-722d1b1eefd3','Eiusmod qui nisi duis reprehenderit pariatur anim nisi quis mollit consectetur dolore quis.',136.799,187.122,184.472,'2017-03-10',54685,8115135),(97471957,'https://picsum.photos/id/957/300/300',957,'Naxdis culpa do','bff59f39-ad2f-4a19-968f-c47239a21b88','Excepteur aliqua amet excepteur sint voluptate amet labore officia.',134.121,201.681,219.372,'2016-07-17',14595,8640170),(97630994,'https://picsum.photos/id/994/300/300',994,'Quintity mollit esse','a0b96978-5d01-4c35-8b83-2d49a84527a5','Deserunt irure fugiat sint commodo ea veniam veniam aute ut dolor.',119.559,224.869,271.591,'2019-03-07',47809,5363259),(97650887,'https://picsum.photos/id/887/300/300',887,'Danja aute ad','09bff8ac-88fe-40a1-8c56-36755a51cf37','Anim quis deserunt mollit culpa ipsum excepteur fugiat.',169.534,256.603,269.567,'2018-11-27',91742,722384),(97672462,'https://picsum.photos/id/462/300/300',462,'Grok aliqua reprehenderit','4c1dea68-7580-4ef9-ae27-9e37ef1c13ae','Lorem occaecat aute tempor pariatur nostrud commodo.',146.899,257.272,248.278,'2014-07-09',26925,9450145),(97764655,'https://picsum.photos/id/655/300/300',655,'Dentrex voluptate est','1b62c0fc-34fd-4f3a-a769-cb4a4a383739','Cillum nisi enim magna et ut Lorem proident.',150.631,183.986,251.332,'2017-10-28',74708,724455),(97783242,'https://picsum.photos/id/242/300/300',242,'Cytrek ex culpa','d0a3f0fa-f998-451f-80b3-9b81b0473a70','Culpa dolore consequat anim veniam adipisicing adipisicing tempor sunt occaecat sit eu sunt.',150.046,196.644,232.042,'2014-12-24',95740,958332),(97838673,'https://picsum.photos/id/673/300/300',673,'Envire non exercitation','56ae40cf-a2c2-4baf-a561-1584aedcba27','Duis est laboris qui officia.',167.034,231.156,222.373,'2019-09-12',11558,6984282),(98134742,'https://picsum.photos/id/742/300/300',742,'Bolax qui cillum','17203770-f08d-4b25-8a7d-9cc009d76c0c','Irure sit sunt proident eiusmod ad laborum magna reprehenderit ipsum nostrud.',161.549,192.77,189.664,'2014-11-01',15058,738382),(98166620,'https://picsum.photos/id/620/300/300',620,'Supremia velit ipsum','aab74073-7985-4a8c-8364-54154965e7d9','Anim aliqua aliqua laborum aute id sit mollit dolore ex cupidatat in aliquip laborum.',163.184,279.839,233.994,'2018-02-18',79195,5754105),(98226639,'https://picsum.photos/id/639/300/300',639,'Locazone aute reprehenderit','936d1669-320a-4d49-88cb-d0ace1755de2','Tempor sint sit laborum mollit.',116.911,181.012,217.218,'2021-08-13',50703,16117),(98353746,'https://picsum.photos/id/746/300/300',746,'Isologix labore id','48777a49-d0af-4600-8f3c-8e363b8c873f','Qui qui labore sit in tempor voluptate eiusmod sit.',136.467,230.941,206.759,'2016-05-02',13498,2718186),(98395686,'https://picsum.photos/id/686/300/300',686,'Zensus excepteur proident','7ca421f2-2423-4ca4-a199-4984e36fc5dc','Cupidatat commodo occaecat et dolore labore excepteur voluptate voluptate occaecat dolor qui aliquip laborum elit.',104.972,224.382,213.528,'2021-07-01',52118,332968),(98399979,'https://picsum.photos/id/979/300/300',979,'Daisu consectetur velit','ac880c70-82ff-4a7f-82fd-38e3ca2769ec','Esse veniam sit ea esse ad enim qui laborum ullamco fugiat esse deserunt.',108.808,258.933,273.803,'2016-11-30',49460,512983),(98454464,'https://picsum.photos/id/464/300/300',464,'Singavera fugiat laboris','a8721268-62d7-4d8f-901a-ae799e9d7f8d','Nulla sunt adipisicing nisi excepteur dolor ex dolore deserunt.',155.149,276.605,251.131,'2018-02-03',88349,389281),(98456575,'https://picsum.photos/id/575/300/300',575,'Mixers exercitation magna','0a5adff7-36b8-4187-840e-25a0a0d2ed7b','Dolor consequat culpa labore velit ad velit ipsum nulla nulla ex.',187.609,265.529,217.577,'2020-06-07',80529,3815169),(98494502,'https://picsum.photos/id/502/300/300',502,'Frosnex Lorem quis','49ee6a47-7751-4348-b134-cfead776dd36','Lorem eu sint consectetur id ut nulla proident aute proident consequat sunt officia velit.',98.0109,249.853,187.698,'2015-03-13',24477,327869),(98609226,'https://picsum.photos/id/226/300/300',226,'Aquoavo ad magna','6199a198-1d07-40e5-b8f2-38701007dfe2','Et veniam adipisicing occaecat et proident magna aliqua sit adipisicing irure.',168.386,191.164,188.458,'2016-02-15',59034,6998263),(98639615,'https://picsum.photos/id/615/300/300',615,'Twiggery anim ex','e1398865-fa0a-4968-9969-6663fd79ca19','Amet labore quis mollit ea officia ad proident ullamco nostrud ex.',112.871,263.817,268.152,'2022-10-21',30003,427066),(98676910,'https://picsum.photos/id/910/300/300',910,'Boilcat aute laborum','44896804-6175-4caa-999b-91cb0c160194','Cillum do excepteur proident ea nostrud enim labore occaecat irure laborum quis velit.',154.568,250.081,181.379,'2016-06-02',62328,78894),(98686524,'https://picsum.photos/id/524/300/300',524,'Omatom duis aliqua','4ce99e84-400c-48fb-a073-3f97e17c0edf','Id aliquip et exercitation mollit Lorem labore nulla aute et.',134.275,274.552,208.505,'2019-01-17',69770,389281),(98711850,'https://picsum.photos/id/850/300/300',850,'Bleendot do excepteur','72cd1fd7-1fa1-486c-8f5d-2617766e81a0','Incididunt magna ullamco duis non duis aliquip ex.',104.637,220.097,204.732,'2021-03-07',32462,796162),(98753771,'https://picsum.photos/id/771/300/300',771,'Magnafone anim aute','95a4df2a-f1ff-486c-ba9c-9738d2b83187','Fugiat id non labore non incididunt aliqua dolore laboris consequat irure et in nulla irure.',149.663,240.579,259.285,'2020-03-23',10443,3206118),(99004412,'https://picsum.photos/id/412/300/300',412,'Joviold aute quis','96aadc89-aa2c-4c30-bfea-4687628c6ff6','Esse Lorem do nisi nulla officia laborum voluptate do id eu ipsum.',138.146,195.182,244.077,'2021-02-16',72586,9847208),(99007717,'https://picsum.photos/id/717/300/300',717,'Zilla excepteur mollit','cd712359-4df6-4c8d-bed8-c8ee606335a4','Proident aliquip sit excepteur non do pariatur sit nostrud deserunt qui do eu reprehenderit reprehenderit.',164.321,267.494,261.516,'2017-03-10',16783,7239133),(99034975,'https://picsum.photos/id/975/300/300',975,'Indexia do qui','3d0d8aee-eb46-4556-bfa2-9e2e499fa7a5','Dolor dolor dolore nulla excepteur ea fugiat aliquip magna eu non quis elit est.',120.325,181.364,194.026,'2019-02-27',43475,5363259),(99490237,'https://picsum.photos/id/237/300/300',237,'Ziore ea reprehenderit','2b83a975-7add-4ef0-8da0-fb60a4944dfb','Sunt reprehenderit esse et consequat exercitation ullamco laborum est do minim ullamco nostrud magna consectetur.',144.405,250.145,228.159,'2016-04-28',70606,359043),(99546363,'https://picsum.photos/id/363/300/300',363,'Reversus dolor magna','a4e14534-3058-460b-9bd2-17f16547a92f','Voluptate reprehenderit aute amet deserunt duis exercitation sunt commodo nisi non laborum sunt.',104.775,279.182,258.105,'2020-10-09',60947,2493231),(99610490,'https://picsum.photos/id/490/300/300',490,'Parcoe ea culpa','f5a7f00c-62b5-4590-af90-2168bd993da1','Anim id quis consectetur ad dolore irure consequat.',170.394,185.133,228.669,'2021-06-19',53966,2125128),(99684356,'https://picsum.photos/id/356/300/300',356,'Multiflex in incididunt','7a2bb59e-fc0f-47bf-b323-3065b3fd5d08','Dolor do cillum tempor sit consequat officia aliqua incididunt.',180.276,227.365,257.726,'2020-05-24',15943,4942234),(99810579,'https://picsum.photos/id/579/300/300',579,'Sultrax ex occaecat','8dfc3d2c-796b-4085-90be-b3429c114b79','Elit adipisicing nostrud duis fugiat incididunt reprehenderit ea mollit nulla.',102.738,195.193,233.379,'2019-07-23',32177,78894),(99819769,'https://picsum.photos/id/769/300/300',769,'Silodyne id tempor','823e99cf-bcd1-4744-a961-747e10a6be8e','Elit do anim reprehenderit sunt reprehenderit amet sit dolor ullamco aute eiusmod nisi.',167.683,278.86,265.221,'2014-04-20',83219,327023),(99852238,'https://picsum.photos/id/238/300/300',238,'Junipoor et deserunt','36b5b8a1-4786-4fa1-a1d4-57f4bef6501f','Eu do dolor esse culpa irure irure eu esse adipisicing culpa esse ad ipsum non.',141.392,214.636,206.006,'2014-12-15',46937,7743255),(99870724,'https://picsum.photos/id/724/300/300',724,'Ronbert esse cillum','a3d92e11-d496-4f5a-85f3-c995a7d0ec1e','Qui anim incididunt enim sint voluptate sunt ad ut aliqua esse velit mollit elit eiusmod.',171.415,214.747,245.659,'2017-08-01',50083,6869184),(99879124,'https://picsum.photos/id/124/300/300',124,'Gronk cillum magna','a5c7e46a-a5c8-4272-947a-7390f8c34b99','Ad aliqua in consectetur velit ex nulla.',168.053,270.913,204.882,'2019-08-06',89288,7063165);
/*!40000 ALTER TABLE `products` ENABLE KEYS */;
UNLOCK TABLES;

--
-- Table structure for table `users`
--

DROP TABLE IF EXISTS `users`;
/*!40101 SET @saved_cs_client     = @@character_set_client */;
/*!50503 SET character_set_client = utf8mb4 */;
CREATE TABLE `users` (
  `id` int NOT NULL,
  `avatar` longtext,
  `index` int DEFAULT NULL,
  `name` varchar(45) DEFAULT NULL,
  `password` varchar(45) DEFAULT NULL,
  `registered` varchar(45) DEFAULT NULL,
  `description` longtext,
  `email` varchar(45) DEFAULT NULL,
  `phone` varchar(45) DEFAULT NULL,
  `type` varchar(10) DEFAULT NULL,
  `company` varchar(45) DEFAULT NULL,
  `address` varchar(100) DEFAULT NULL,
  PRIMARY KEY (`id`)
) ENGINE=InnoDB DEFAULT CHARSET=utf8mb4 COLLATE=utf8mb4_0900_ai_ci;
/*!40101 SET character_set_client = @saved_cs_client */;

--
-- Dumping data for table `users`
--

LOCK TABLES `users` WRITE;
/*!40000 ALTER TABLE `users` DISABLE KEYS */;
INSERT INTO `users` VALUES (1419949,'https://i.ibb.co/N6W193b/Screen-Shot-2022-11-04-at-16-26-58.png',9,'Leonor Durham','7d336a9880','2020-09-07','Eu deserunt exercitation laborum dolor veniam aliqua incididunt et dolor in aliquip in labore.','leonordurham@comveyor.com','0533512397','REGULAR','Comvex','California, Norris, Schenck Avenue, 5142'),(2609873,'https://i.ibb.co/9V0pWZ6/Screen-Shot-2022-11-04-at-16-28-06.png',3,'Janelle Hunter','9a080fc421f1','2014-01-08','Id enim mollit voluptate pariatur irure nostrud et fugiat ipsum qui ut tempor sunt ex.','janellehunter@enjola.com','0559639696','ADMIN','Nikuda','Alabama, Trail, Celeste Court, 1345'),(2743120,'https://i.ibb.co/93qGSC1/Screen-Shot-2022-11-04-at-16-28-44.png',0,'Alyssa Chaney','3cafd95865131','2019-08-07','Esse officia tempor aliqua nisi adipisicing fugiat Lorem in magna.','alyssachaney@terrasys.com','0560650274','REGULAR','Fangold','West Virginia, Allensworth, Junius Street, 3574'),(3385954,'https://i.ibb.co/W30LkQc/Screen-Shot-2022-11-04-at-16-28-23.png',4,'Harmon Schwartz','b305bca1fb2b2','2022-01-29','Id officia ut eu velit dolor consectetur laborum incididunt reprehenderit cupidatat deserunt proident non occaecat.','harmonschwartz@nikuda.com','0570929281','EDITOR','Quordate','Oklahoma, Glenshaw, Classon Avenue, 9023'),(4199367,'https://i.ibb.co/wQRzwn4/Screen-Shot-2022-11-04-at-16-27-24.png',7,'Erma Peterson','WEa6f48c4f7a6f','2015-11-10','Dolor elit enim velit cupidatat ullamco ad consequat do velit sunt.','ermapeterson@photobin.com','0512417550','REGULAR','Mediot','Virgin Islands, Coleville, Ash Street, 8865'),(4509285,'https://i.ibb.co/3MxJ7k5/Screen-Shot-2022-11-04-at-16-27-59.png',5,'Graves Oneal','78freweb5d4654','2019-10-05','Deserunt fugiat qui tempor reprehenderit proident deserunt Lorem dolor ad ut.','gravesoneal@quordate.com','0550759572','REGULAR','Locazone','Wyoming, Malott, Vernon Avenue, 5767'),(4860881,'https://i.ibb.co/4gT1QmP/Screen-Shot-2022-11-04-at-16-28-37.png',1,'Phelps Riddle','739a5c8634dEE','2017-09-23','Exercitation fugiat enim veniam tempor adipisicing mollit adipisicing veniam pariatur in Lorem mollit ut irure.','phelpsriddle@fangold.com','0562070613','REGULAR','Cormoran','Missouri, Whitestone, Eastern Parkway, 1195'),(6977868,'https://i.ibb.co/f1FZnpT/Screen-Shot-2022-11-04-at-16-27-16.png',8,'Paulette Mathis','e826c045b75','2011-04-17','Eiusmod cillum id ea reprehenderit laborum voluptate voluptate pariatur nulla minim.','paulettemathis@mediot.com','0598458340','ADMIN','Comveyor','New Hampshire, Vicksburg, Kane Street, 1060'),(8060526,'https://i.ibb.co/3Y610jd/Screen-Shot-2022-11-04-at-16-27-33.png',6,'Leann Grimes','f0bb701d46c23','2012-02-24','Ad non tempor excepteur occaecat non consectetur labore in reprehenderit anim.','leanngrimes@locazone.com','0512064021','EDITOR','Photobin','New York, Chesterfield, Forrest Street, 3639'),(8646622,'https://i.ibb.co/Q8p90bj/Screen-Shot-2022-11-04-at-16-28-30.png',2,'Ann Klein','ZZff5a89aa0d65','2018-03-22','Ullamco esse exercitation veniam ut do ullamco ea est ipsum reprehenderit nulla culpa do.','annklein@cormoran.com','0590209635','EDITOR','Enjola','North Carolina, Flintville, Oakland Place, 6801'),(59722812,'https://i.ibb.co/BT4RDwC/Screen-Shot-2022-11-04-at-16-26-49.png',12,'Giles Odonnell','61272rrrd766f2','2016-06-10','Occaecat laborum magna laboris in tempor nostrud nulla minim occaecat pariatur ullamco.','gilesodonnell@anivet.com','0535902140','REGULAR','Magnafone','Louisiana, Gibbsville, Plaza Street, 5421'),(60205113,'https://i.ibb.co/jk7M9Lv/Screen-Shot-2022-11-04-at-16-26-20.png',13,'Jordan Ray','3703cada097f1','2016-04-06','Culpa fugiat eu esse ex proident id.','jordanray@magnafone.com','0539809200','REGULAR','Kineticut','Oregon, Falmouth, Legion Street, 2783'),(91762814,'https://i.ibb.co/mXnG1mg/Screen-Shot-2022-11-04-at-16-26-30.png',14,'Jacobs Holman','7f7237b9ae65','2010-07-31','Commodo ea non fugiat labore esse deserunt aliquip et quis velit.','jacobsholman@kineticut.com','0531574435','REGULAR','Tetak','Palau, Tilden, Friel Place, 5980'),(92212311,'https://i.ibb.co/P63QJVt/Screen-Shot-2022-11-04-at-16-26-40.png',11,'Cross Sharpe','2d99030a52d0c','2010-07-21','Lorem anim enim anim incididunt ea enim.','crosssharpe@geoforma.com','0592880558','REGULAR','Anivet','Kentucky, Lindcove, Pine Street, 640'),(94618310,'https://i.ibb.co/TKgZm56/Screen-Shot-2022-11-04-at-16-27-06.png',10,'Rae Yates','279ec405c16853','2015-12-09','In veniam veniam in cupidatat esse consectetur elit culpa veniam minim pariatur excepteur excepteur.','raeyates@comvex.com','0538843223','REGULAR','Geoforma','Iowa, Saddlebrooke, Willoughby Street, 6121');
/*!40000 ALTER TABLE `users` ENABLE KEYS */;
UNLOCK TABLES;
/*!40103 SET TIME_ZONE=@OLD_TIME_ZONE */;

/*!40101 SET SQL_MODE=@OLD_SQL_MODE */;
/*!40014 SET FOREIGN_KEY_CHECKS=@OLD_FOREIGN_KEY_CHECKS */;
/*!40014 SET UNIQUE_CHECKS=@OLD_UNIQUE_CHECKS */;
/*!40101 SET CHARACTER_SET_CLIENT=@OLD_CHARACTER_SET_CLIENT */;
/*!40101 SET CHARACTER_SET_RESULTS=@OLD_CHARACTER_SET_RESULTS */;
/*!40101 SET COLLATION_CONNECTION=@OLD_COLLATION_CONNECTION */;
/*!40111 SET SQL_NOTES=@OLD_SQL_NOTES */;

-- Dump completed on 2023-04-06 12:32:46
